topic,data_imp,data_skill
id_sources,Very important,Proficient
id_sources,Very important,Proficient
id_sources,Very important,Proficient
id_sources,Very important,Proficient
id_sources,Somewhat important,NA
id_sources,Moderately important,Proficient
id_sources,Very important,Proficient
id_sources,Somewhat important,NA
id_sources,Moderately important,Beginner
id_sources,Somewhat important,NA
id_sources,Very important,Proficient
id_sources,Moderately important,Proficient
id_sources,Very important,Proficient
id_sources,Somewhat important,NA
id_sources,Not Important,NA
id_sources,Moderately important,Beginner
id_sources,Moderately important,Proficient
id_sources,Moderately important,Proficient
id_sources,Moderately important,Proficient
id_sources,Moderately important,Proficient
id_sources,Somewhat important,NA
id_sources,Very important,Proficient
id_sources,Very important,Beginner
id_sources,Moderately important,Proficient
id_sources,Very important,Unable to perform
id_sources,Very important,Beginner
id_sources,NA,NA
id_sources,Moderately important,Proficient
id_sources,Very important,Proficient
id_sources,Moderately important,Proficient
id_sources,Very important,Expert
id_sources,Somewhat important,NA
id_sources,Moderately important,Proficient
id_sources,NA,NA
id_sources,Somewhat important,NA
id_sources,Moderately important,Unable to perform
id_sources,Moderately important,Proficient
id_sources,Very important,Beginner
id_sources,Somewhat important,NA
id_sources,Very important,Proficient
id_sources,Very important,Proficient
id_sources,NA,NA
id_sources,Very important,Proficient
id_sources,Moderately important,Proficient
id_sources,Very important,Beginner
id_sources,Moderately important,Proficient
id_sources,Moderately important,Proficient
id_sources,NA,NA
id_sources,Very important,Expert
id_sources,Very important,Proficient
id_sources,Somewhat important,NA
id_sources,Very important,Proficient
id_sources,Very important,Proficient
id_sources,NA,NA
id_sources,Very important,Proficient
id_sources,Very important,Proficient
id_sources,Somewhat important,NA
id_sources,Moderately important,Proficient
id_sources,Very important,Proficient
id_sources,Very important,Proficient
id_sources,Moderately important,Beginner
id_sources,Very important,Proficient
id_sources,Somewhat important,NA
id_sources,Moderately important,Proficient
id_sources,Moderately important,Proficient
id_sources,Somewhat important,NA
id_sources,Moderately important,Expert
id_sources,Moderately important,Beginner
id_sources,Moderately important,Proficient
id_sources,Very important,Beginner
id_sources,Very important,Proficient
id_sources,Moderately important,Proficient
id_sources,Moderately important,Proficient
id_sources,Very important,Proficient
id_sources,Somewhat important,NA
id_sources,Somewhat important,NA
id_sources,Very important,Proficient
id_sources,Moderately important,Beginner
id_sources,Moderately important,Proficient
id_sources,Moderately important,Proficient
id_sources,Somewhat important,NA
id_sources,Somewhat important,NA
id_sources,Moderately important,Proficient
id_sources,Very important,Proficient
id_sources,Moderately important,Proficient
id_sources,Moderately important,Beginner
id_sources,NA,NA
id_sources,Very important,Proficient
id_sources,Moderately important,Proficient
id_sources,Moderately important,Proficient
id_sources,Very important,Proficient
id_sources,Moderately important,Proficient
id_sources,Very important,Proficient
id_sources,Somewhat important,NA
id_sources,Moderately important,Proficient
id_sources,Very important,Proficient
id_sources,Very important,Beginner
id_sources,Somewhat important,NA
id_sources,Somewhat important,NA
id_sources,Very important,Expert
id_sources,Moderately important,Proficient
id_sources,Very important,Proficient
id_sources,Very important,Expert
id_sources,Moderately important,Beginner
id_sources,Very important,Expert
id_sources,Somewhat important,NA
id_sources,Somewhat important,NA
id_sources,Very important,Proficient
id_sources,Very important,Proficient
id_sources,Very important,Proficient
id_sources,Very important,Proficient
id_sources,Somewhat important,NA
id_sources,Very important,Expert
id_sources,Very important,Proficient
id_sources,Very important,Beginner
id_sources,Moderately important,Proficient
id_sources,Very important,Proficient
id_sources,Very important,Expert
id_sources,Moderately important,Proficient
id_sources,Somewhat important,NA
id_sources,Moderately important,Proficient
id_sources,Very important,Beginner
id_sources,Moderately important,Beginner
id_sources,Moderately important,Proficient
id_sources,NA,NA
id_sources,Moderately important,Beginner
id_sources,Moderately important,Proficient
id_sources,Somewhat important,NA
id_sources,Very important,Proficient
id_sources,Very important,Proficient
id_sources,Moderately important,Proficient
id_sources,NA,NA
id_sources,Very important,Proficient
id_sources,Somewhat important,NA
id_sources,Moderately important,Proficient
id_sources,Moderately important,Proficient
id_sources,Moderately important,Beginner
id_sources,Moderately important,Proficient
id_sources,Very important,Beginner
id_sources,Moderately important,Beginner
id_sources,Very important,Beginner
id_sources,Moderately important,Proficient
id_sources,Not Important,NA
id_sources,Very important,Proficient
id_sources,Very important,Proficient
id_sources,Moderately important,Beginner
id_sources,Somewhat important,NA
id_sources,Very important,Proficient
id_sources,Somewhat important,NA
id_sources,Very important,Proficient
id_sources,Moderately important,Proficient
id_sources,Very important,Beginner
id_sources,Very important,Beginner
id_sources,Very important,Proficient
id_sources,Moderately important,Proficient
id_sources,Very important,Proficient
id_sources,Very important,Beginner
id_sources,NA,NA
id_sources,Moderately important,Proficient
id_sources,Very important,Proficient
id_sources,Moderately important,Beginner
id_sources,Very important,Beginner
id_sources,NA,NA
id_sources,Very important,Expert
id_sources,Very important,Proficient
id_sources,Very important,Proficient
id_sources,Moderately important,Proficient
id_sources,Very important,Beginner
id_sources,Moderately important,Proficient
id_sources,Somewhat important,NA
id_sources,Very important,Proficient
id_sources,Moderately important,Beginner
id_sources,Very important,Proficient
id_sources,Very important,Proficient
id_sources,Moderately important,Beginner
id_sources,NA,NA
id_sources,Somewhat important,NA
id_sources,Somewhat important,NA
id_sources,Moderately important,Proficient
id_sources,Somewhat important,NA
id_sources,Very important,Proficient
id_sources,Very important,Proficient
id_sources,Very important,Proficient
id_sources,Very important,Proficient
id_sources,Somewhat important,NA
id_sources,Very important,Proficient
id_sources,Very important,Proficient
id_sources,Somewhat important,NA
id_sources,Moderately important,Beginner
id_sources,Very important,Proficient
id_sources,Moderately important,Proficient
id_sources,Not Important,NA
id_sources,Moderately important,Proficient
id_sources,Moderately important,Proficient
id_sources,Somewhat important,NA
id_sources,Moderately important,Proficient
id_sources,Very important,Expert
id_sources,Very important,Proficient
id_sources,Very important,Proficient
id_sources,Moderately important,Unable to perform
id_sources,Very important,Proficient
id_sources,Moderately important,Beginner
id_sources,Somewhat important,NA
id_sources,Somewhat important,NA
id_sources,Moderately important,Proficient
id_sources,Very important,Proficient
id_sources,Moderately important,Proficient
id_sources,Very important,Proficient
id_sources,Very important,Proficient
id_sources,Moderately important,Proficient
id_sources,Moderately important,Beginner
id_sources,Moderately important,Proficient
id_sources,NA,NA
id_sources,Very important,Expert
id_sources,Moderately important,Proficient
id_sources,Moderately important,Beginner
id_sources,Very important,Beginner
id_sources,Very important,Proficient
id_sources,Somewhat important,NA
id_sources,Very important,Proficient
id_sources,Somewhat important,NA
id_sources,NA,NA
id_sources,Very important,Beginner
id_sources,Very important,Proficient
id_sources,Somewhat important,NA
id_sources,Somewhat important,NA
id_sources,Not Important,NA
id_sources,Moderately important,Proficient
id_sources,Not Important,NA
id_sources,Moderately important,Unable to perform
id_sources,Moderately important,Proficient
id_sources,Very important,Proficient
id_sources,Moderately important,Beginner
id_sources,Very important,Beginner
id_sources,Moderately important,Beginner
id_sources,NA,NA
id_sources,Very important,Proficient
id_sources,Moderately important,Proficient
id_sources,Moderately important,Beginner
id_sources,Very important,Proficient
id_sources,Very important,Beginner
id_sources,Somewhat important,NA
id_sources,Very important,Proficient
id_sources,Moderately important,Beginner
id_sources,Somewhat important,NA
id_sources,Very important,Expert
id_sources,Moderately important,Proficient
id_sources,Moderately important,Proficient
id_sources,Moderately important,Proficient
id_sources,Moderately important,Unable to perform
id_sources,Very important,Proficient
id_sources,Moderately important,Proficient
id_sources,Very important,Beginner
id_sources,Not Important,NA
id_sources,Moderately important,Beginner
id_sources,Not Important,NA
id_sources,Somewhat important,NA
id_sources,Very important,Expert
id_sources,Very important,Proficient
id_sources,Very important,Proficient
id_sources,Somewhat important,NA
id_sources,Not Important,NA
id_sources,NA,NA
id_sources,Somewhat important,NA
id_sources,Somewhat important,NA
id_sources,Very important,Expert
id_sources,NA,NA
id_sources,Somewhat important,NA
id_sources,Very important,Proficient
id_sources,Very important,Proficient
id_sources,Moderately important,Proficient
id_sources,Moderately important,Beginner
id_sources,Very important,Beginner
id_sources,Very important,Proficient
id_sources,Moderately important,Proficient
id_sources,Moderately important,Beginner
id_sources,Not Important,NA
id_sources,Very important,Proficient
id_sources,Very important,Proficient
id_sources,Very important,Proficient
id_sources,Not Important,NA
id_sources,NA,NA
id_sources,Not Important,NA
id_sources,Not Important,NA
id_sources,Somewhat important,NA
id_sources,NA,NA
id_sources,Moderately important,Proficient
id_sources,Moderately important,Proficient
id_sources,Very important,Proficient
id_sources,Somewhat important,NA
id_sources,Very important,Proficient
id_sources,Very important,Proficient
id_sources,Very important,Proficient
id_sources,Moderately important,Proficient
id_sources,Moderately important,Proficient
id_sources,NA,NA
id_sources,Moderately important,Proficient
id_sources,Somewhat important,NA
id_sources,Very important,Proficient
id_sources,Very important,Beginner
id_sources,Very important,Proficient
id_sources,Moderately important,Beginner
id_sources,Very important,Proficient
id_sources,Moderately important,Proficient
id_sources,Very important,Proficient
id_sources,Very important,Proficient
id_sources,NA,NA
id_sources,Moderately important,Beginner
id_sources,Somewhat important,NA
id_sources,Not Important,NA
id_sources,Very important,Proficient
id_sources,Very important,Proficient
id_sources,Somewhat important,NA
id_sources,Somewhat important,NA
id_sources,Moderately important,Proficient
id_sources,Very important,Proficient
id_sources,Moderately important,Proficient
id_sources,Moderately important,Proficient
id_sources,Very important,Beginner
id_sources,Somewhat important,NA
id_sources,Not Important,NA
id_sources,Very important,Beginner
id_sources,Very important,Beginner
id_sources,Very important,Proficient
id_sources,Moderately important,Beginner
id_sources,Very important,Proficient
id_sources,Moderately important,Proficient
id_sources,Very important,Expert
id_sources,Somewhat important,NA
id_sources,Very important,Expert
id_sources,Very important,Proficient
id_sources,Very important,Proficient
id_sources,Somewhat important,NA
id_sources,Not Important,NA
id_sources,Very important,Proficient
id_sources,Very important,Proficient
id_sources,Very important,Beginner
id_sources,Somewhat important,NA
id_sources,Not Important,NA
id_sources,Somewhat important,NA
id_sources,Moderately important,Proficient
id_sources,Very important,Proficient
id_sources,Moderately important,Proficient
id_sources,Very important,Proficient
id_sources,NA,NA
id_sources,Moderately important,Proficient
id_sources,Moderately important,Beginner
id_sources,Not Important,NA
id_sources,Somewhat important,NA
id_sources,Somewhat important,NA
id_sources,Very important,Expert
id_sources,Very important,Beginner
id_sources,Very important,Proficient
id_sources,Moderately important,Proficient
id_sources,Somewhat important,NA
id_sources,Very important,Proficient
id_sources,Moderately important,Proficient
id_sources,Very important,Expert
id_sources,Very important,Proficient
id_sources,Moderately important,Proficient
id_sources,NA,NA
id_sources,Somewhat important,NA
id_sources,Moderately important,Proficient
id_sources,Moderately important,Proficient
id_sources,Moderately important,Proficient
id_sources,Very important,Expert
id_sources,Moderately important,Proficient
id_sources,Very important,Beginner
id_sources,Very important,Proficient
id_sources,Very important,Proficient
id_sources,Very important,Proficient
id_sources,Moderately important,Proficient
id_sources,Very important,Beginner
id_sources,Very important,Proficient
id_sources,Very important,Expert
id_sources,Very important,Beginner
id_sources,Very important,Beginner
id_sources,Very important,Expert
id_sources,Somewhat important,NA
id_sources,Not Important,NA
id_sources,Somewhat important,NA
id_sources,Moderately important,Proficient
id_sources,Very important,Proficient
id_sources,Moderately important,Unable to perform
id_sources,Somewhat important,NA
id_sources,Very important,Proficient
id_sources,Very important,Proficient
id_sources,Very important,Proficient
id_sources,Moderately important,Proficient
id_sources,Very important,Proficient
id_sources,Somewhat important,NA
id_sources,Not Important,NA
id_sources,Not Important,NA
id_sources,Not Important,NA
id_sources,Very important,Expert
id_sources,NA,NA
id_sources,Moderately important,Proficient
id_sources,Somewhat important,NA
id_sources,Moderately important,Proficient
id_sources,Moderately important,Beginner
id_sources,Moderately important,Beginner
id_sources,Moderately important,Beginner
id_sources,Not Important,NA
id_sources,Not Important,NA
id_sources,Very important,Proficient
id_sources,Somewhat important,NA
id_sources,Very important,Proficient
id_sources,Moderately important,Proficient
id_sources,Very important,Proficient
id_sources,Very important,Proficient
id_sources,Very important,Beginner
id_sources,Not Important,NA
id_sources,Not Important,NA
id_sources,Very important,Proficient
id_sources,Somewhat important,NA
id_sources,Very important,Proficient
id_sources,Very important,Proficient
id_sources,Moderately important,Proficient
id_sources,Somewhat important,NA
id_sources,Not Important,NA
id_sources,Moderately important,Proficient
id_sources,Not Important,NA
id_sources,Moderately important,Proficient
id_sources,Moderately important,Proficient
id_sources,Somewhat important,NA
id_sources,Not Important,NA
id_sources,Somewhat important,NA
id_sources,Somewhat important,NA
id_sources,Very important,Proficient
id_sources,Very important,Beginner
id_sources,Somewhat important,NA
id_sources,Moderately important,Proficient
id_sources,Moderately important,Proficient
id_sources,Moderately important,Beginner
id_sources,Moderately important,Beginner
id_sources,Moderately important,Proficient
id_sources,Very important,Proficient
id_sources,Somewhat important,NA
id_sources,Moderately important,Proficient
id_sources,Somewhat important,NA
id_sources,Very important,Expert
id_sources,Very important,Proficient
id_sources,Somewhat important,NA
id_sources,Very important,Proficient
id_sources,Somewhat important,NA
id_sources,Somewhat important,NA
id_sources,Moderately important,Proficient
id_sources,Very important,Expert
app_use_sources,NA,NA
app_use_sources,NA,NA
app_use_sources,NA,NA
app_use_sources,NA,NA
app_use_sources,NA,NA
app_use_sources,NA,NA
app_use_sources,NA,NA
app_use_sources,NA,NA
app_use_sources,NA,NA
app_use_sources,NA,NA
app_use_sources,NA,NA
app_use_sources,NA,NA
app_use_sources,NA,NA
app_use_sources,NA,NA
app_use_sources,NA,NA
app_use_sources,NA,NA
app_use_sources,NA,NA
app_use_sources,NA,NA
app_use_sources,NA,NA
app_use_sources,NA,NA
app_use_sources,NA,NA
app_use_sources,NA,NA
app_use_sources,NA,NA
app_use_sources,NA,NA
app_use_sources,NA,NA
app_use_sources,NA,NA
app_use_sources,Very important,Expert
app_use_sources,NA,NA
app_use_sources,NA,NA
app_use_sources,NA,NA
app_use_sources,NA,NA
app_use_sources,NA,NA
app_use_sources,NA,NA
app_use_sources,Very important,Proficient
app_use_sources,NA,NA
app_use_sources,NA,NA
app_use_sources,NA,NA
app_use_sources,NA,NA
app_use_sources,NA,NA
app_use_sources,NA,NA
app_use_sources,NA,NA
app_use_sources,Very important,Proficient
app_use_sources,NA,NA
app_use_sources,NA,NA
app_use_sources,NA,NA
app_use_sources,NA,NA
app_use_sources,NA,NA
app_use_sources,Very important,Expert
app_use_sources,NA,NA
app_use_sources,NA,NA
app_use_sources,NA,NA
app_use_sources,NA,NA
app_use_sources,NA,NA
app_use_sources,Moderately important,Proficient
app_use_sources,NA,NA
app_use_sources,NA,NA
app_use_sources,NA,NA
app_use_sources,NA,NA
app_use_sources,NA,NA
app_use_sources,NA,NA
app_use_sources,NA,NA
app_use_sources,NA,NA
app_use_sources,NA,NA
app_use_sources,NA,NA
app_use_sources,NA,NA
app_use_sources,NA,NA
app_use_sources,NA,NA
app_use_sources,NA,NA
app_use_sources,NA,NA
app_use_sources,NA,NA
app_use_sources,NA,NA
app_use_sources,NA,NA
app_use_sources,NA,NA
app_use_sources,NA,NA
app_use_sources,NA,NA
app_use_sources,NA,NA
app_use_sources,NA,NA
app_use_sources,NA,NA
app_use_sources,NA,NA
app_use_sources,NA,NA
app_use_sources,NA,NA
app_use_sources,NA,NA
app_use_sources,NA,NA
app_use_sources,NA,NA
app_use_sources,NA,NA
app_use_sources,NA,NA
app_use_sources,Moderately important,Proficient
app_use_sources,NA,NA
app_use_sources,NA,NA
app_use_sources,NA,NA
app_use_sources,NA,NA
app_use_sources,NA,NA
app_use_sources,NA,NA
app_use_sources,NA,NA
app_use_sources,NA,NA
app_use_sources,NA,NA
app_use_sources,NA,NA
app_use_sources,NA,NA
app_use_sources,NA,NA
app_use_sources,NA,NA
app_use_sources,NA,NA
app_use_sources,NA,NA
app_use_sources,NA,NA
app_use_sources,NA,NA
app_use_sources,NA,NA
app_use_sources,NA,NA
app_use_sources,NA,NA
app_use_sources,NA,NA
app_use_sources,NA,NA
app_use_sources,NA,NA
app_use_sources,NA,NA
app_use_sources,NA,NA
app_use_sources,NA,NA
app_use_sources,NA,NA
app_use_sources,NA,NA
app_use_sources,NA,NA
app_use_sources,NA,NA
app_use_sources,NA,NA
app_use_sources,NA,NA
app_use_sources,NA,NA
app_use_sources,NA,NA
app_use_sources,NA,NA
app_use_sources,NA,NA
app_use_sources,NA,NA
app_use_sources,Very important,Proficient
app_use_sources,NA,NA
app_use_sources,NA,NA
app_use_sources,NA,NA
app_use_sources,NA,NA
app_use_sources,NA,NA
app_use_sources,NA,NA
app_use_sources,Very important,Proficient
app_use_sources,NA,NA
app_use_sources,NA,NA
app_use_sources,NA,NA
app_use_sources,NA,NA
app_use_sources,NA,NA
app_use_sources,NA,NA
app_use_sources,NA,NA
app_use_sources,NA,NA
app_use_sources,NA,NA
app_use_sources,NA,NA
app_use_sources,NA,NA
app_use_sources,NA,NA
app_use_sources,NA,NA
app_use_sources,NA,NA
app_use_sources,NA,NA
app_use_sources,NA,NA
app_use_sources,NA,NA
app_use_sources,NA,NA
app_use_sources,NA,NA
app_use_sources,NA,NA
app_use_sources,NA,NA
app_use_sources,NA,NA
app_use_sources,NA,NA
app_use_sources,NA,NA
app_use_sources,NA,NA
app_use_sources,Very important,Proficient
app_use_sources,NA,NA
app_use_sources,NA,NA
app_use_sources,NA,NA
app_use_sources,NA,NA
app_use_sources,Moderately important,Expert
app_use_sources,NA,NA
app_use_sources,NA,NA
app_use_sources,NA,NA
app_use_sources,NA,NA
app_use_sources,NA,NA
app_use_sources,NA,NA
app_use_sources,NA,NA
app_use_sources,NA,NA
app_use_sources,NA,NA
app_use_sources,NA,NA
app_use_sources,NA,NA
app_use_sources,NA,NA
app_use_sources,Very important,Proficient
app_use_sources,NA,NA
app_use_sources,NA,NA
app_use_sources,NA,NA
app_use_sources,NA,NA
app_use_sources,NA,NA
app_use_sources,NA,NA
app_use_sources,NA,NA
app_use_sources,NA,NA
app_use_sources,NA,NA
app_use_sources,NA,NA
app_use_sources,NA,NA
app_use_sources,NA,NA
app_use_sources,NA,NA
app_use_sources,NA,NA
app_use_sources,NA,NA
app_use_sources,NA,NA
app_use_sources,NA,NA
app_use_sources,NA,NA
app_use_sources,NA,NA
app_use_sources,NA,NA
app_use_sources,NA,NA
app_use_sources,NA,NA
app_use_sources,NA,NA
app_use_sources,NA,NA
app_use_sources,NA,NA
app_use_sources,NA,NA
app_use_sources,NA,NA
app_use_sources,NA,NA
app_use_sources,NA,NA
app_use_sources,NA,NA
app_use_sources,NA,NA
app_use_sources,NA,NA
app_use_sources,NA,NA
app_use_sources,NA,NA
app_use_sources,NA,NA
app_use_sources,NA,NA
app_use_sources,Very important,Proficient
app_use_sources,NA,NA
app_use_sources,NA,NA
app_use_sources,NA,NA
app_use_sources,NA,NA
app_use_sources,NA,NA
app_use_sources,NA,NA
app_use_sources,NA,NA
app_use_sources,NA,NA
app_use_sources,Very important,Expert
app_use_sources,NA,NA
app_use_sources,NA,NA
app_use_sources,NA,NA
app_use_sources,NA,NA
app_use_sources,NA,NA
app_use_sources,NA,NA
app_use_sources,NA,NA
app_use_sources,NA,NA
app_use_sources,NA,NA
app_use_sources,NA,NA
app_use_sources,NA,NA
app_use_sources,NA,NA
app_use_sources,NA,NA
app_use_sources,Moderately important,Proficient
app_use_sources,NA,NA
app_use_sources,NA,NA
app_use_sources,NA,NA
app_use_sources,NA,NA
app_use_sources,NA,NA
app_use_sources,NA,NA
app_use_sources,NA,NA
app_use_sources,NA,NA
app_use_sources,NA,NA
app_use_sources,NA,NA
app_use_sources,NA,NA
app_use_sources,NA,NA
app_use_sources,NA,NA
app_use_sources,NA,NA
app_use_sources,NA,NA
app_use_sources,NA,NA
app_use_sources,NA,NA
app_use_sources,NA,NA
app_use_sources,NA,NA
app_use_sources,NA,NA
app_use_sources,NA,NA
app_use_sources,NA,NA
app_use_sources,NA,NA
app_use_sources,NA,NA
app_use_sources,NA,NA
app_use_sources,NA,NA
app_use_sources,Very important,Proficient
app_use_sources,NA,NA
app_use_sources,NA,NA
app_use_sources,NA,NA
app_use_sources,Moderately important,Beginner
app_use_sources,NA,NA
app_use_sources,NA,NA
app_use_sources,NA,NA
app_use_sources,NA,NA
app_use_sources,NA,NA
app_use_sources,NA,NA
app_use_sources,NA,NA
app_use_sources,NA,NA
app_use_sources,NA,NA
app_use_sources,NA,NA
app_use_sources,NA,NA
app_use_sources,NA,NA
app_use_sources,NA,NA
app_use_sources,NA,NA
app_use_sources,Very important,Proficient
app_use_sources,NA,NA
app_use_sources,NA,NA
app_use_sources,NA,NA
app_use_sources,Somewhat important,NA
app_use_sources,NA,NA
app_use_sources,NA,NA
app_use_sources,NA,NA
app_use_sources,NA,NA
app_use_sources,NA,NA
app_use_sources,NA,NA
app_use_sources,NA,NA
app_use_sources,NA,NA
app_use_sources,NA,NA
app_use_sources,Very important,Expert
app_use_sources,NA,NA
app_use_sources,NA,NA
app_use_sources,NA,NA
app_use_sources,NA,NA
app_use_sources,NA,NA
app_use_sources,NA,NA
app_use_sources,NA,NA
app_use_sources,NA,NA
app_use_sources,NA,NA
app_use_sources,NA,NA
app_use_sources,Very important,Proficient
app_use_sources,NA,NA
app_use_sources,NA,NA
app_use_sources,NA,NA
app_use_sources,NA,NA
app_use_sources,NA,NA
app_use_sources,NA,NA
app_use_sources,NA,NA
app_use_sources,NA,NA
app_use_sources,NA,NA
app_use_sources,NA,NA
app_use_sources,NA,NA
app_use_sources,NA,NA
app_use_sources,NA,NA
app_use_sources,NA,NA
app_use_sources,NA,NA
app_use_sources,NA,NA
app_use_sources,NA,NA
app_use_sources,NA,NA
app_use_sources,NA,NA
app_use_sources,NA,NA
app_use_sources,NA,NA
app_use_sources,NA,NA
app_use_sources,NA,NA
app_use_sources,NA,NA
app_use_sources,NA,NA
app_use_sources,NA,NA
app_use_sources,NA,NA
app_use_sources,NA,NA
app_use_sources,NA,NA
app_use_sources,NA,NA
app_use_sources,NA,NA
app_use_sources,NA,NA
app_use_sources,NA,NA
app_use_sources,NA,NA
app_use_sources,NA,NA
app_use_sources,NA,NA
app_use_sources,NA,NA
app_use_sources,Very important,Proficient
app_use_sources,NA,NA
app_use_sources,NA,NA
app_use_sources,NA,NA
app_use_sources,NA,NA
app_use_sources,NA,NA
app_use_sources,NA,NA
app_use_sources,NA,NA
app_use_sources,NA,NA
app_use_sources,NA,NA
app_use_sources,NA,NA
app_use_sources,NA,NA
app_use_sources,NA,NA
app_use_sources,NA,NA
app_use_sources,NA,NA
app_use_sources,NA,NA
app_use_sources,Very important,Proficient
app_use_sources,NA,NA
app_use_sources,NA,NA
app_use_sources,NA,NA
app_use_sources,NA,NA
app_use_sources,NA,NA
app_use_sources,NA,NA
app_use_sources,NA,NA
app_use_sources,NA,NA
app_use_sources,NA,NA
app_use_sources,NA,NA
app_use_sources,NA,NA
app_use_sources,NA,NA
app_use_sources,NA,NA
app_use_sources,NA,NA
app_use_sources,NA,NA
app_use_sources,NA,NA
app_use_sources,NA,NA
app_use_sources,NA,NA
app_use_sources,NA,NA
app_use_sources,NA,NA
app_use_sources,NA,NA
app_use_sources,NA,NA
app_use_sources,NA,NA
app_use_sources,NA,NA
app_use_sources,NA,NA
app_use_sources,NA,NA
app_use_sources,NA,NA
app_use_sources,NA,NA
app_use_sources,NA,NA
app_use_sources,NA,NA
app_use_sources,NA,NA
app_use_sources,NA,NA
app_use_sources,NA,NA
app_use_sources,NA,NA
app_use_sources,Very important,Proficient
app_use_sources,NA,NA
app_use_sources,NA,NA
app_use_sources,NA,NA
app_use_sources,NA,NA
app_use_sources,NA,NA
app_use_sources,NA,NA
app_use_sources,NA,NA
app_use_sources,NA,NA
app_use_sources,NA,NA
app_use_sources,NA,NA
app_use_sources,NA,NA
app_use_sources,NA,NA
app_use_sources,NA,NA
app_use_sources,NA,NA
app_use_sources,NA,NA
app_use_sources,NA,NA
app_use_sources,NA,NA
app_use_sources,NA,NA
app_use_sources,NA,NA
app_use_sources,NA,NA
app_use_sources,NA,NA
app_use_sources,NA,NA
app_use_sources,NA,NA
app_use_sources,NA,NA
app_use_sources,NA,NA
app_use_sources,NA,NA
app_use_sources,NA,NA
app_use_sources,NA,NA
app_use_sources,NA,NA
app_use_sources,NA,NA
app_use_sources,NA,NA
app_use_sources,NA,NA
app_use_sources,NA,NA
app_use_sources,NA,NA
app_use_sources,NA,NA
app_use_sources,NA,NA
app_use_sources,NA,NA
app_use_sources,NA,NA
app_use_sources,NA,NA
app_use_sources,NA,NA
app_use_sources,NA,NA
app_use_sources,NA,NA
app_use_sources,NA,NA
app_use_sources,NA,NA
app_use_sources,NA,NA
app_use_sources,NA,NA
app_use_sources,NA,NA
app_use_sources,NA,NA
app_use_sources,NA,NA
app_use_sources,NA,NA
app_use_sources,NA,NA
app_use_sources,NA,NA
collect_valid,NA,NA
collect_valid,Very important,Proficient
collect_valid,Very important,Proficient
collect_valid,NA,NA
collect_valid,Somewhat important,NA
collect_valid,NA,NA
collect_valid,Very important,Proficient
collect_valid,Somewhat important,NA
collect_valid,Moderately important,Beginner
collect_valid,Somewhat important,NA
collect_valid,Very important,Proficient
collect_valid,Moderately important,Proficient
collect_valid,Very important,Proficient
collect_valid,NA,NA
collect_valid,Very important,Beginner
collect_valid,Moderately important,Beginner
collect_valid,Moderately important,Proficient
collect_valid,NA,NA
collect_valid,Very important,Proficient
collect_valid,Moderately important,Proficient
collect_valid,Somewhat important,NA
collect_valid,Very important,Proficient
collect_valid,NA,NA
collect_valid,Very important,Proficient
collect_valid,NA,NA
collect_valid,NA,NA
collect_valid,NA,NA
collect_valid,Somewhat important,NA
collect_valid,NA,NA
collect_valid,NA,NA
collect_valid,Very important,Expert
collect_valid,Not Important,NA
collect_valid,Very important,Expert
collect_valid,NA,NA
collect_valid,Somewhat important,NA
collect_valid,Moderately important,Unable to perform
collect_valid,Moderately important,Beginner
collect_valid,NA,NA
collect_valid,Somewhat important,NA
collect_valid,Very important,Beginner
collect_valid,Very important,Proficient
collect_valid,NA,NA
collect_valid,Very important,Proficient
collect_valid,Moderately important,Proficient
collect_valid,Very important,Proficient
collect_valid,Moderately important,Proficient
collect_valid,NA,NA
collect_valid,NA,NA
collect_valid,Very important,Proficient
collect_valid,Moderately important,Proficient
collect_valid,Somewhat important,NA
collect_valid,NA,NA
collect_valid,Very important,Proficient
collect_valid,NA,NA
collect_valid,Very important,Proficient
collect_valid,Moderately important,Proficient
collect_valid,Somewhat important,NA
collect_valid,Moderately important,Proficient
collect_valid,Very important,Proficient
collect_valid,Very important,Beginner
collect_valid,Very important,Proficient
collect_valid,Very important,Proficient
collect_valid,Moderately important,Proficient
collect_valid,Very important,Proficient
collect_valid,Very important,Proficient
collect_valid,NA,NA
collect_valid,NA,NA
collect_valid,Moderately important,Proficient
collect_valid,Moderately important,Proficient
collect_valid,Very important,Proficient
collect_valid,Moderately important,Beginner
collect_valid,Very important,Proficient
collect_valid,NA,NA
collect_valid,NA,NA
collect_valid,Not Important,NA
collect_valid,Not Important,NA
collect_valid,NA,NA
collect_valid,Moderately important,Beginner
collect_valid,Very important,Proficient
collect_valid,Moderately important,Proficient
collect_valid,NA,NA
collect_valid,Somewhat important,NA
collect_valid,Moderately important,Proficient
collect_valid,NA,NA
collect_valid,NA,NA
collect_valid,Moderately important,Unable to perform
collect_valid,NA,NA
collect_valid,Very important,Proficient
collect_valid,Very important,Proficient
collect_valid,Moderately important,Beginner
collect_valid,Very important,Proficient
collect_valid,Very important,Expert
collect_valid,Very important,Proficient
collect_valid,Moderately important,Proficient
collect_valid,Somewhat important,NA
collect_valid,NA,NA
collect_valid,Very important,Beginner
collect_valid,Somewhat important,NA
collect_valid,Moderately important,Proficient
collect_valid,Very important,Beginner
collect_valid,Very important,Proficient
collect_valid,Very important,Proficient
collect_valid,Very important,Expert
collect_valid,Moderately important,Beginner
collect_valid,NA,NA
collect_valid,Moderately important,Beginner
collect_valid,Somewhat important,NA
collect_valid,NA,NA
collect_valid,NA,NA
collect_valid,NA,NA
collect_valid,Very important,Proficient
collect_valid,Moderately important,Beginner
collect_valid,NA,NA
collect_valid,Very important,Proficient
collect_valid,NA,NA
collect_valid,Very important,Proficient
collect_valid,Very important,Proficient
collect_valid,Very important,Expert
collect_valid,Moderately important,Proficient
collect_valid,Moderately important,Proficient
collect_valid,Moderately important,Proficient
collect_valid,NA,NA
collect_valid,Moderately important,Beginner
collect_valid,Very important,Proficient
collect_valid,NA,NA
collect_valid,NA,NA
collect_valid,Moderately important,Beginner
collect_valid,Not Important,NA
collect_valid,Very important,Proficient
collect_valid,Very important,Proficient
collect_valid,Moderately important,Proficient
collect_valid,NA,NA
collect_valid,NA,NA
collect_valid,Somewhat important,NA
collect_valid,Very important,Beginner
collect_valid,NA,NA
collect_valid,NA,NA
collect_valid,Moderately important,Proficient
collect_valid,Very important,Beginner
collect_valid,NA,NA
collect_valid,Very important,Proficient
collect_valid,Moderately important,Proficient
collect_valid,NA,NA
collect_valid,Moderately important,Proficient
collect_valid,NA,NA
collect_valid,Somewhat important,NA
collect_valid,Moderately important,Proficient
collect_valid,NA,NA
collect_valid,Somewhat important,NA
collect_valid,Very important,Proficient
collect_valid,Moderately important,Proficient
collect_valid,Very important,Beginner
collect_valid,Very important,Beginner
collect_valid,NA,NA
collect_valid,NA,NA
collect_valid,NA,NA
collect_valid,Very important,Proficient
collect_valid,NA,NA
collect_valid,Moderately important,Proficient
collect_valid,Very important,Proficient
collect_valid,Moderately important,Proficient
collect_valid,NA,NA
collect_valid,NA,NA
collect_valid,Moderately important,Proficient
collect_valid,Very important,Proficient
collect_valid,NA,NA
collect_valid,Very important,Proficient
collect_valid,NA,NA
collect_valid,Moderately important,Proficient
collect_valid,NA,NA
collect_valid,Very important,Proficient
collect_valid,NA,NA
collect_valid,Very important,Proficient
collect_valid,Very important,Proficient
collect_valid,Moderately important,Beginner
collect_valid,NA,NA
collect_valid,Moderately important,Proficient
collect_valid,Somewhat important,NA
collect_valid,Very important,Proficient
collect_valid,Very important,Beginner
collect_valid,Very important,Proficient
collect_valid,Very important,Proficient
collect_valid,Moderately important,Beginner
collect_valid,Moderately important,Proficient
collect_valid,Somewhat important,NA
collect_valid,Very important,Proficient
collect_valid,NA,NA
collect_valid,Somewhat important,NA
collect_valid,Very important,Proficient
collect_valid,Very important,Expert
collect_valid,Very important,Beginner
collect_valid,Somewhat important,NA
collect_valid,Moderately important,Proficient
collect_valid,Moderately important,Proficient
collect_valid,Moderately important,Proficient
collect_valid,Moderately important,Proficient
collect_valid,NA,NA
collect_valid,Very important,Proficient
collect_valid,Very important,Proficient
collect_valid,Very important,Beginner
collect_valid,Very important,Proficient
collect_valid,Moderately important,Proficient
collect_valid,Moderately important,Proficient
collect_valid,Moderately important,Proficient
collect_valid,Moderately important,Proficient
collect_valid,Very important,Proficient
collect_valid,Moderately important,Proficient
collect_valid,NA,NA
collect_valid,Very important,Proficient
collect_valid,Moderately important,Proficient
collect_valid,Moderately important,Beginner
collect_valid,Very important,Proficient
collect_valid,NA,NA
collect_valid,Very important,Expert
collect_valid,Not Important,NA
collect_valid,Very important,Proficient
collect_valid,Very important,Beginner
collect_valid,Very important,Proficient
collect_valid,NA,NA
collect_valid,NA,NA
collect_valid,Somewhat important,NA
collect_valid,NA,NA
collect_valid,Moderately important,Beginner
collect_valid,NA,NA
collect_valid,Moderately important,Proficient
collect_valid,Moderately important,Beginner
collect_valid,Not Important,NA
collect_valid,Very important,Expert
collect_valid,Moderately important,Beginner
collect_valid,Moderately important,Beginner
collect_valid,Moderately important,Proficient
collect_valid,Very important,Proficient
collect_valid,Somewhat important,NA
collect_valid,Very important,Beginner
collect_valid,Somewhat important,NA
collect_valid,NA,NA
collect_valid,Very important,Proficient
collect_valid,NA,NA
collect_valid,Very important,Expert
collect_valid,NA,NA
collect_valid,Moderately important,Beginner
collect_valid,Somewhat important,NA
collect_valid,NA,NA
collect_valid,Very important,Beginner
collect_valid,Somewhat important,NA
collect_valid,NA,NA
collect_valid,NA,NA
collect_valid,NA,NA
collect_valid,NA,NA
collect_valid,Somewhat important,NA
collect_valid,Very important,Proficient
collect_valid,Moderately important,Proficient
collect_valid,NA,NA
collect_valid,Moderately important,Proficient
collect_valid,NA,NA
collect_valid,Somewhat important,NA
collect_valid,Somewhat important,NA
collect_valid,NA,NA
collect_valid,Very important,Proficient
collect_valid,Very important,Beginner
collect_valid,NA,NA
collect_valid,Somewhat important,NA
collect_valid,NA,NA
collect_valid,Somewhat important,NA
collect_valid,Moderately important,Proficient
collect_valid,NA,NA
collect_valid,NA,NA
collect_valid,Somewhat important,NA
collect_valid,Very important,Proficient
collect_valid,Very important,Proficient
collect_valid,Not Important,NA
collect_valid,NA,NA
collect_valid,NA,NA
collect_valid,Moderately important,Beginner
collect_valid,NA,NA
collect_valid,Somewhat important,NA
collect_valid,Not Important,NA
collect_valid,Moderately important,Proficient
collect_valid,Very important,Proficient
collect_valid,Very important,Proficient
collect_valid,Not Important,NA
collect_valid,NA,NA
collect_valid,Not Important,NA
collect_valid,Moderately important,Expert
collect_valid,NA,NA
collect_valid,NA,NA
collect_valid,Moderately important,Proficient
collect_valid,Moderately important,Proficient
collect_valid,Very important,Proficient
collect_valid,Somewhat important,NA
collect_valid,Very important,Proficient
collect_valid,Very important,Proficient
collect_valid,Very important,Proficient
collect_valid,Moderately important,Proficient
collect_valid,Very important,Proficient
collect_valid,NA,NA
collect_valid,Moderately important,Proficient
collect_valid,Somewhat important,NA
collect_valid,NA,NA
collect_valid,NA,NA
collect_valid,NA,NA
collect_valid,Moderately important,Beginner
collect_valid,Very important,Proficient
collect_valid,NA,NA
collect_valid,NA,NA
collect_valid,Moderately important,Beginner
collect_valid,NA,NA
collect_valid,Moderately important,Beginner
collect_valid,NA,NA
collect_valid,Not Important,NA
collect_valid,NA,NA
collect_valid,Very important,Proficient
collect_valid,Moderately important,Beginner
collect_valid,Somewhat important,NA
collect_valid,Very important,Proficient
collect_valid,NA,NA
collect_valid,Moderately important,Proficient
collect_valid,Somewhat important,NA
collect_valid,Moderately important,Beginner
collect_valid,Not Important,NA
collect_valid,Not Important,NA
collect_valid,NA,NA
collect_valid,Very important,Proficient
collect_valid,NA,NA
collect_valid,Moderately important,Beginner
collect_valid,NA,NA
collect_valid,Moderately important,Proficient
collect_valid,NA,NA
collect_valid,Somewhat important,NA
collect_valid,Very important,Expert
collect_valid,Very important,Proficient
collect_valid,Very important,Expert
collect_valid,Moderately important,Proficient
collect_valid,Somewhat important,NA
collect_valid,NA,NA
collect_valid,Very important,Proficient
collect_valid,NA,NA
collect_valid,Moderately important,Proficient
collect_valid,Not Important,NA
collect_valid,Moderately important,Proficient
collect_valid,Moderately important,Proficient
collect_valid,Very important,Proficient
collect_valid,Moderately important,Proficient
collect_valid,Very important,Proficient
collect_valid,NA,NA
collect_valid,NA,NA
collect_valid,Somewhat important,NA
collect_valid,Very important,Proficient
collect_valid,Somewhat important,NA
collect_valid,Somewhat important,NA
collect_valid,Very important,Expert
collect_valid,NA,NA
collect_valid,NA,NA
collect_valid,Very important,Proficient
collect_valid,NA,NA
collect_valid,Moderately important,Beginner
collect_valid,Moderately important,Proficient
collect_valid,Moderately important,Expert
collect_valid,Moderately important,Proficient
collect_valid,Moderately important,Beginner
collect_valid,NA,NA
collect_valid,Moderately important,Proficient
collect_valid,NA,NA
collect_valid,Moderately important,Proficient
collect_valid,Moderately important,Proficient
collect_valid,Very important,Proficient
collect_valid,Moderately important,Proficient
collect_valid,Very important,Beginner
collect_valid,Very important,Proficient
collect_valid,NA,NA
collect_valid,Very important,Proficient
collect_valid,Very important,Proficient
collect_valid,NA,NA
collect_valid,Very important,Proficient
collect_valid,Very important,Proficient
collect_valid,Very important,Beginner
collect_valid,NA,NA
collect_valid,Very important,Proficient
collect_valid,Not Important,NA
collect_valid,Not Important,NA
collect_valid,Somewhat important,NA
collect_valid,Very important,Proficient
collect_valid,Very important,Proficient
collect_valid,Very important,Unable to perform
collect_valid,NA,NA
collect_valid,Very important,Proficient
collect_valid,Very important,Proficient
collect_valid,NA,NA
collect_valid,Very important,Proficient
collect_valid,Very important,Proficient
collect_valid,Moderately important,Proficient
collect_valid,Moderately important,Proficient
collect_valid,Very important,Expert
collect_valid,Very important,Proficient
collect_valid,NA,NA
collect_valid,NA,NA
collect_valid,Moderately important,Proficient
collect_valid,Moderately important,Proficient
collect_valid,Very important,Beginner
collect_valid,Moderately important,Beginner
collect_valid,Moderately important,Proficient
collect_valid,Very important,Beginner
collect_valid,Somewhat important,NA
collect_valid,Somewhat important,NA
collect_valid,Very important,Proficient
collect_valid,NA,NA
collect_valid,Very important,Proficient
collect_valid,Moderately important,Beginner
collect_valid,Moderately important,Proficient
collect_valid,NA,NA
collect_valid,Moderately important,Beginner
collect_valid,Somewhat important,NA
collect_valid,Somewhat important,NA
collect_valid,Very important,Expert
collect_valid,Very important,Proficient
collect_valid,NA,NA
collect_valid,Very important,Beginner
collect_valid,NA,NA
collect_valid,Very important,Proficient
collect_valid,Somewhat important,NA
collect_valid,Very important,Beginner
collect_valid,Not Important,NA
collect_valid,Very important,Proficient
collect_valid,Moderately important,Proficient
collect_valid,Somewhat important,NA
collect_valid,Somewhat important,NA
collect_valid,Very important,Proficient
collect_valid,Somewhat important,NA
collect_valid,NA,NA
collect_valid,Very important,Beginner
collect_valid,Very important,Proficient
collect_valid,Very important,Proficient
collect_valid,Moderately important,Proficient
collect_valid,Moderately important,Beginner
collect_valid,Very important,Beginner
collect_valid,Very important,Expert
collect_valid,Very important,Proficient
collect_valid,Somewhat important,NA
collect_valid,Very important,Proficient
collect_valid,Moderately important,Beginner
collect_valid,Very important,Expert
collect_valid,Very important,Proficient
collect_valid,Somewhat important,NA
collect_valid,Very important,Proficient
collect_valid,NA,NA
collect_valid,Somewhat important,NA
collect_valid,Somewhat important,NA
collect_valid,Very important,Expert
use_decision,Very important,Proficient
use_decision,NA,NA
use_decision,NA,NA
use_decision,Very important,Proficient
use_decision,NA,NA
use_decision,Moderately important,Proficient
use_decision,NA,NA
use_decision,NA,NA
use_decision,NA,NA
use_decision,NA,NA
use_decision,NA,NA
use_decision,NA,NA
use_decision,NA,NA
use_decision,Somewhat important,NA
use_decision,NA,NA
use_decision,NA,NA
use_decision,NA,NA
use_decision,Somewhat important,NA
use_decision,NA,NA
use_decision,NA,NA
use_decision,NA,NA
use_decision,NA,NA
use_decision,Very important,Beginner
use_decision,NA,NA
use_decision,Very important,Unable to perform
use_decision,Very important,Beginner
use_decision,Very important,Expert
use_decision,NA,NA
use_decision,Very important,Expert
use_decision,Very important,Proficient
use_decision,NA,NA
use_decision,NA,NA
use_decision,NA,NA
use_decision,Very important,Proficient
use_decision,NA,NA
use_decision,NA,NA
use_decision,NA,NA
use_decision,Very important,Proficient
use_decision,NA,NA
use_decision,NA,NA
use_decision,NA,NA
use_decision,Very important,Proficient
use_decision,NA,NA
use_decision,NA,NA
use_decision,NA,NA
use_decision,NA,NA
use_decision,Moderately important,Proficient
use_decision,Very important,Expert
use_decision,NA,NA
use_decision,NA,NA
use_decision,NA,NA
use_decision,Very important,Expert
use_decision,NA,NA
use_decision,Moderately important,Beginner
use_decision,NA,NA
use_decision,NA,NA
use_decision,NA,NA
use_decision,NA,NA
use_decision,NA,NA
use_decision,NA,NA
use_decision,NA,NA
use_decision,NA,NA
use_decision,NA,NA
use_decision,NA,NA
use_decision,NA,NA
use_decision,Somewhat important,NA
use_decision,Moderately important,Expert
use_decision,NA,NA
use_decision,NA,NA
use_decision,NA,NA
use_decision,NA,NA
use_decision,NA,NA
use_decision,Somewhat important,NA
use_decision,Very important,Proficient
use_decision,NA,NA
use_decision,NA,NA
use_decision,Very important,Beginner
use_decision,NA,NA
use_decision,NA,NA
use_decision,NA,NA
use_decision,Moderately important,Beginner
use_decision,NA,NA
use_decision,NA,NA
use_decision,Very important,Expert
use_decision,Somewhat important,NA
use_decision,NA,NA
use_decision,Moderately important,Proficient
use_decision,NA,NA
use_decision,NA,NA
use_decision,NA,NA
use_decision,NA,NA
use_decision,NA,NA
use_decision,NA,NA
use_decision,NA,NA
use_decision,NA,NA
use_decision,Very important,Proficient
use_decision,NA,NA
use_decision,NA,NA
use_decision,NA,NA
use_decision,NA,NA
use_decision,NA,NA
use_decision,NA,NA
use_decision,NA,NA
use_decision,NA,NA
use_decision,Very important,Proficient
use_decision,NA,NA
use_decision,NA,NA
use_decision,Very important,Beginner
use_decision,Very important,Proficient
use_decision,Very important,Beginner
use_decision,NA,NA
use_decision,NA,NA
use_decision,Very important,Expert
use_decision,NA,NA
use_decision,Very important,Proficient
use_decision,NA,NA
use_decision,NA,NA
use_decision,NA,NA
use_decision,NA,NA
use_decision,NA,NA
use_decision,NA,NA
use_decision,Very important,Proficient
use_decision,NA,NA
use_decision,NA,NA
use_decision,Very important,Proficient
use_decision,Moderately important,Beginner
use_decision,NA,NA
use_decision,NA,NA
use_decision,NA,NA
use_decision,NA,NA
use_decision,NA,NA
use_decision,Very important,Proficient
use_decision,Very important,Expert
use_decision,NA,NA
use_decision,NA,NA
use_decision,Moderately important,Proficient
use_decision,Moderately important,Beginner
use_decision,NA,NA
use_decision,NA,NA
use_decision,Very important,Proficient
use_decision,NA,NA
use_decision,NA,NA
use_decision,Very important,Proficient
use_decision,NA,NA
use_decision,Very important,Proficient
use_decision,NA,NA
use_decision,NA,NA
use_decision,Very important,Proficient
use_decision,NA,NA
use_decision,NA,NA
use_decision,NA,NA
use_decision,NA,NA
use_decision,NA,NA
use_decision,Very important,Proficient
use_decision,Moderately important,Proficient
use_decision,Very important,Proficient
use_decision,NA,NA
use_decision,Very important,Proficient
use_decision,NA,NA
use_decision,NA,NA
use_decision,NA,NA
use_decision,Very important,Beginner
use_decision,Moderately important,Expert
use_decision,NA,NA
use_decision,NA,NA
use_decision,Very important,Proficient
use_decision,NA,NA
use_decision,Very important,Proficient
use_decision,NA,NA
use_decision,Somewhat important,NA
use_decision,NA,NA
use_decision,Moderately important,Beginner
use_decision,NA,NA
use_decision,NA,NA
use_decision,NA,NA
use_decision,Very important,Expert
use_decision,NA,NA
use_decision,NA,NA
use_decision,NA,NA
use_decision,NA,NA
use_decision,NA,NA
use_decision,NA,NA
use_decision,NA,NA
use_decision,NA,NA
use_decision,NA,NA
use_decision,NA,NA
use_decision,Very important,Proficient
use_decision,NA,NA
use_decision,NA,NA
use_decision,NA,NA
use_decision,NA,NA
use_decision,NA,NA
use_decision,NA,NA
use_decision,NA,NA
use_decision,NA,NA
use_decision,NA,NA
use_decision,Very important,Expert
use_decision,NA,NA
use_decision,NA,NA
use_decision,NA,NA
use_decision,NA,NA
use_decision,NA,NA
use_decision,NA,NA
use_decision,NA,NA
use_decision,NA,NA
use_decision,NA,NA
use_decision,NA,NA
use_decision,Very important,Proficient
use_decision,NA,NA
use_decision,NA,NA
use_decision,NA,NA
use_decision,NA,NA
use_decision,Very important,Proficient
use_decision,NA,NA
use_decision,NA,NA
use_decision,NA,NA
use_decision,NA,NA
use_decision,NA,NA
use_decision,Moderately important,Beginner
use_decision,Very important,Proficient
use_decision,NA,NA
use_decision,Very important,Expert
use_decision,NA,NA
use_decision,Very important,Proficient
use_decision,NA,NA
use_decision,NA,NA
use_decision,NA,NA
use_decision,NA,NA
use_decision,NA,NA
use_decision,NA,NA
use_decision,NA,NA
use_decision,NA,NA
use_decision,NA,NA
use_decision,NA,NA
use_decision,NA,NA
use_decision,Moderately important,Proficient
use_decision,NA,NA
use_decision,Somewhat important,NA
use_decision,NA,NA
use_decision,Very important,Proficient
use_decision,NA,NA
use_decision,NA,NA
use_decision,Very important,Proficient
use_decision,NA,NA
use_decision,NA,NA
use_decision,Very important,Expert
use_decision,Moderately important,Proficient
use_decision,Moderately important,Proficient
use_decision,Very important,Expert
use_decision,NA,NA
use_decision,NA,NA
use_decision,NA,NA
use_decision,Very important,Beginner
use_decision,NA,NA
use_decision,Very important,Proficient
use_decision,NA,NA
use_decision,NA,NA
use_decision,Very important,Expert
use_decision,NA,NA
use_decision,NA,NA
use_decision,Somewhat important,NA
use_decision,NA,NA
use_decision,Very important,Proficient
use_decision,NA,NA
use_decision,NA,NA
use_decision,Very important,Expert
use_decision,Moderately important,Beginner
use_decision,NA,NA
use_decision,NA,NA
use_decision,NA,NA
use_decision,NA,NA
use_decision,Moderately important,Beginner
use_decision,Very important,Beginner
use_decision,NA,NA
use_decision,Very important,Proficient
use_decision,NA,NA
use_decision,NA,NA
use_decision,NA,NA
use_decision,NA,NA
use_decision,NA,NA
use_decision,NA,NA
use_decision,Very important,Expert
use_decision,NA,NA
use_decision,NA,NA
use_decision,Moderately important,Proficient
use_decision,Somewhat important,NA
use_decision,NA,NA
use_decision,NA,NA
use_decision,NA,NA
use_decision,NA,NA
use_decision,NA,NA
use_decision,NA,NA
use_decision,NA,NA
use_decision,NA,NA
use_decision,NA,NA
use_decision,Very important,Expert
use_decision,NA,NA
use_decision,NA,NA
use_decision,Very important,Proficient
use_decision,Very important,Proficient
use_decision,Very important,Proficient
use_decision,NA,NA
use_decision,NA,NA
use_decision,Moderately important,Proficient
use_decision,Very important,Proficient
use_decision,NA,NA
use_decision,Very important,Proficient
use_decision,NA,NA
use_decision,Very important,Proficient
use_decision,NA,NA
use_decision,Moderately important,Beginner
use_decision,NA,NA
use_decision,NA,NA
use_decision,NA,NA
use_decision,NA,NA
use_decision,Very important,Expert
use_decision,NA,NA
use_decision,NA,NA
use_decision,NA,NA
use_decision,NA,NA
use_decision,NA,NA
use_decision,Moderately important,Beginner
use_decision,NA,NA
use_decision,Very important,Proficient
use_decision,NA,NA
use_decision,Very important,Proficient
use_decision,NA,NA
use_decision,Very important,Expert
use_decision,NA,NA
use_decision,NA,NA
use_decision,NA,NA
use_decision,NA,NA
use_decision,NA,NA
use_decision,NA,NA
use_decision,Very important,Proficient
use_decision,NA,NA
use_decision,Very important,Proficient
use_decision,NA,NA
use_decision,NA,NA
use_decision,NA,NA
use_decision,NA,NA
use_decision,NA,NA
use_decision,NA,NA
use_decision,NA,NA
use_decision,Very important,Proficient
use_decision,Moderately important,Proficient
use_decision,NA,NA
use_decision,NA,NA
use_decision,NA,NA
use_decision,NA,NA
use_decision,NA,NA
use_decision,Moderately important,Proficient
use_decision,Very important,Proficient
use_decision,NA,NA
use_decision,Somewhat important,NA
use_decision,NA,NA
use_decision,NA,NA
use_decision,NA,NA
use_decision,NA,NA
use_decision,NA,NA
use_decision,Very important,Proficient
use_decision,NA,NA
use_decision,Moderately important,Proficient
use_decision,NA,NA
use_decision,NA,NA
use_decision,NA,NA
use_decision,NA,NA
use_decision,NA,NA
use_decision,NA,NA
use_decision,Very important,Proficient
use_decision,NA,NA
use_decision,NA,NA
use_decision,Moderately important,Beginner
use_decision,NA,NA
use_decision,NA,NA
use_decision,NA,NA
use_decision,Very important,Proficient
use_decision,NA,NA
use_decision,NA,NA
use_decision,NA,NA
use_decision,NA,NA
use_decision,NA,NA
use_decision,NA,NA
use_decision,NA,NA
use_decision,Somewhat important,NA
use_decision,NA,NA
use_decision,NA,NA
use_decision,Very important,Proficient
use_decision,NA,NA
use_decision,NA,NA
use_decision,NA,NA
use_decision,NA,NA
use_decision,NA,NA
use_decision,NA,NA
use_decision,Very important,Expert
use_decision,Very important,Expert
use_decision,NA,NA
use_decision,NA,NA
use_decision,NA,NA
use_decision,NA,NA
use_decision,NA,NA
use_decision,NA,NA
use_decision,NA,NA
use_decision,NA,NA
use_decision,NA,NA
use_decision,Moderately important,Proficient
use_decision,NA,NA
use_decision,NA,NA
use_decision,NA,NA
use_decision,Very important,Proficient
use_decision,NA,NA
use_decision,NA,NA
use_decision,NA,NA
use_decision,NA,NA
use_decision,NA,NA
use_decision,Very important,Proficient
use_decision,NA,NA
use_decision,Moderately important,Proficient
use_decision,NA,NA
use_decision,NA,NA
use_decision,NA,NA
use_decision,NA,NA
use_decision,NA,NA
use_decision,NA,NA
use_decision,NA,NA
use_decision,NA,NA
use_decision,NA,NA
use_decision,NA,NA
use_decision,Very important,Proficient
use_decision,NA,NA
use_decision,NA,NA
use_decision,NA,NA
use_decision,NA,NA
use_decision,NA,NA
use_decision,NA,NA
use_decision,NA,NA
use_decision,NA,NA
use_decision,NA,NA
use_decision,NA,NA
use_decision,NA,NA
use_decision,NA,NA
use_decision,NA,NA
use_decision,NA,NA
use_decision,NA,NA
use_decision,Somewhat important,NA
use_decision,NA,NA
use_decision,NA,NA
use_decision,NA,NA
id_EBA,NA,NA
id_EBA,Very important,Beginner
id_EBA,Very important,Proficient
id_EBA,NA,NA
id_EBA,Very important,Proficient
id_EBA,NA,NA
id_EBA,Very important,Proficient
id_EBA,Somewhat important,NA
id_EBA,Moderately important,Beginner
id_EBA,Somewhat important,NA
id_EBA,Very important,Proficient
id_EBA,Moderately important,Proficient
id_EBA,Very important,Proficient
id_EBA,NA,NA
id_EBA,Somewhat important,NA
id_EBA,Very important,Proficient
id_EBA,Moderately important,Proficient
id_EBA,NA,NA
id_EBA,Very important,Proficient
id_EBA,Moderately important,Proficient
id_EBA,Somewhat important,NA
id_EBA,Very important,Beginner
id_EBA,NA,NA
id_EBA,Very important,Proficient
id_EBA,NA,NA
id_EBA,NA,NA
id_EBA,NA,NA
id_EBA,Somewhat important,NA
id_EBA,NA,NA
id_EBA,NA,NA
id_EBA,Very important,Proficient
id_EBA,Somewhat important,NA
id_EBA,Moderately important,Proficient
id_EBA,NA,NA
id_EBA,Moderately important,Proficient
id_EBA,Very important,Unable to perform
id_EBA,Moderately important,Beginner
id_EBA,NA,NA
id_EBA,Moderately important,Proficient
id_EBA,Very important,Proficient
id_EBA,Very important,Proficient
id_EBA,NA,NA
id_EBA,Very important,Proficient
id_EBA,Very important,Proficient
id_EBA,Very important,Proficient
id_EBA,Moderately important,Proficient
id_EBA,NA,NA
id_EBA,NA,NA
id_EBA,Very important,Proficient
id_EBA,Very important,Proficient
id_EBA,Moderately important,Proficient
id_EBA,NA,NA
id_EBA,Very important,Proficient
id_EBA,NA,NA
id_EBA,Very important,Proficient
id_EBA,Very important,Proficient
id_EBA,Somewhat important,NA
id_EBA,Very important,Proficient
id_EBA,Very important,Proficient
id_EBA,Very important,Proficient
id_EBA,Very important,Beginner
id_EBA,Very important,Expert
id_EBA,Moderately important,Proficient
id_EBA,Moderately important,Proficient
id_EBA,Very important,Proficient
id_EBA,NA,NA
id_EBA,NA,NA
id_EBA,Very important,Proficient
id_EBA,Moderately important,Proficient
id_EBA,Very important,Beginner
id_EBA,Very important,Proficient
id_EBA,Very important,Proficient
id_EBA,NA,NA
id_EBA,NA,NA
id_EBA,Somewhat important,NA
id_EBA,Moderately important,Beginner
id_EBA,NA,NA
id_EBA,Moderately important,Beginner
id_EBA,Very important,Proficient
id_EBA,Very important,Proficient
id_EBA,NA,NA
id_EBA,Moderately important,Proficient
id_EBA,Moderately important,Proficient
id_EBA,NA,NA
id_EBA,NA,NA
id_EBA,Moderately important,Beginner
id_EBA,NA,NA
id_EBA,Very important,Proficient
id_EBA,Moderately important,Proficient
id_EBA,Very important,Proficient
id_EBA,Very important,Proficient
id_EBA,Very important,Expert
id_EBA,Very important,Proficient
id_EBA,Moderately important,Proficient
id_EBA,Moderately important,Beginner
id_EBA,NA,NA
id_EBA,Very important,Beginner
id_EBA,Very important,Proficient
id_EBA,Very important,Proficient
id_EBA,Very important,Proficient
id_EBA,Very important,Proficient
id_EBA,Moderately important,Proficient
id_EBA,Very important,Expert
id_EBA,Moderately important,Beginner
id_EBA,NA,NA
id_EBA,Very important,Proficient
id_EBA,Very important,Proficient
id_EBA,NA,NA
id_EBA,NA,NA
id_EBA,NA,NA
id_EBA,Very important,Proficient
id_EBA,Moderately important,Beginner
id_EBA,NA,NA
id_EBA,Very important,Proficient
id_EBA,NA,NA
id_EBA,Very important,Proficient
id_EBA,Very important,Proficient
id_EBA,Very important,Expert
id_EBA,Moderately important,Proficient
id_EBA,Somewhat important,NA
id_EBA,Moderately important,Proficient
id_EBA,NA,NA
id_EBA,Moderately important,Beginner
id_EBA,Very important,Proficient
id_EBA,NA,NA
id_EBA,NA,NA
id_EBA,Moderately important,Proficient
id_EBA,Not Important,NA
id_EBA,Very important,Proficient
id_EBA,Moderately important,Proficient
id_EBA,Moderately important,Proficient
id_EBA,NA,NA
id_EBA,NA,NA
id_EBA,Moderately important,Proficient
id_EBA,Very important,Beginner
id_EBA,NA,NA
id_EBA,NA,NA
id_EBA,Very important,Proficient
id_EBA,Very important,Beginner
id_EBA,NA,NA
id_EBA,Very important,Beginner
id_EBA,Moderately important,Proficient
id_EBA,NA,NA
id_EBA,Very important,Proficient
id_EBA,NA,NA
id_EBA,Somewhat important,NA
id_EBA,Moderately important,Proficient
id_EBA,NA,NA
id_EBA,Not Important,NA
id_EBA,Very important,Proficient
id_EBA,Somewhat important,NA
id_EBA,Very important,Beginner
id_EBA,Very important,Beginner
id_EBA,NA,NA
id_EBA,NA,NA
id_EBA,NA,NA
id_EBA,Very important,Beginner
id_EBA,NA,NA
id_EBA,Very important,Proficient
id_EBA,Very important,Proficient
id_EBA,Moderately important,Beginner
id_EBA,NA,NA
id_EBA,NA,NA
id_EBA,Moderately important,Beginner
id_EBA,Very important,Proficient
id_EBA,NA,NA
id_EBA,Very important,Proficient
id_EBA,NA,NA
id_EBA,Moderately important,Beginner
id_EBA,NA,NA
id_EBA,Very important,Expert
id_EBA,NA,NA
id_EBA,Very important,Proficient
id_EBA,Very important,Proficient
id_EBA,Very important,Beginner
id_EBA,NA,NA
id_EBA,Moderately important,Proficient
id_EBA,Somewhat important,NA
id_EBA,Very important,Beginner
id_EBA,Somewhat important,NA
id_EBA,Very important,Proficient
id_EBA,Very important,Proficient
id_EBA,Very important,Beginner
id_EBA,Very important,Proficient
id_EBA,Somewhat important,NA
id_EBA,Very important,Proficient
id_EBA,NA,NA
id_EBA,Somewhat important,NA
id_EBA,Very important,Proficient
id_EBA,Very important,Proficient
id_EBA,Very important,Proficient
id_EBA,Moderately important,Proficient
id_EBA,Moderately important,Proficient
id_EBA,Moderately important,Proficient
id_EBA,Somewhat important,NA
id_EBA,Moderately important,Proficient
id_EBA,NA,NA
id_EBA,Very important,Proficient
id_EBA,Very important,Proficient
id_EBA,Somewhat important,NA
id_EBA,Very important,Proficient
id_EBA,Moderately important,Beginner
id_EBA,Very important,Proficient
id_EBA,Moderately important,Proficient
id_EBA,Moderately important,Proficient
id_EBA,Very important,Beginner
id_EBA,Moderately important,Proficient
id_EBA,NA,NA
id_EBA,Very important,Proficient
id_EBA,Moderately important,Proficient
id_EBA,Moderately important,Beginner
id_EBA,Very important,Proficient
id_EBA,NA,NA
id_EBA,Very important,Expert
id_EBA,Very important,Proficient
id_EBA,Somewhat important,NA
id_EBA,Very important,Beginner
id_EBA,Very important,Proficient
id_EBA,NA,NA
id_EBA,NA,NA
id_EBA,Moderately important,Beginner
id_EBA,NA,NA
id_EBA,Very important,Beginner
id_EBA,NA,NA
id_EBA,Very important,Proficient
id_EBA,Moderately important,Beginner
id_EBA,Moderately important,Beginner
id_EBA,Very important,Expert
id_EBA,Somewhat important,NA
id_EBA,Very important,Beginner
id_EBA,Somewhat important,NA
id_EBA,Very important,Proficient
id_EBA,Somewhat important,NA
id_EBA,Very important,Beginner
id_EBA,Moderately important,Beginner
id_EBA,NA,NA
id_EBA,Very important,Proficient
id_EBA,NA,NA
id_EBA,Moderately important,Proficient
id_EBA,NA,NA
id_EBA,Very important,Beginner
id_EBA,Somewhat important,NA
id_EBA,NA,NA
id_EBA,Very important,Beginner
id_EBA,Somewhat important,NA
id_EBA,NA,NA
id_EBA,NA,NA
id_EBA,NA,NA
id_EBA,NA,NA
id_EBA,Not Important,NA
id_EBA,Very important,Proficient
id_EBA,Moderately important,Proficient
id_EBA,NA,NA
id_EBA,Somewhat important,NA
id_EBA,NA,NA
id_EBA,Moderately important,Beginner
id_EBA,Somewhat important,NA
id_EBA,NA,NA
id_EBA,Very important,Proficient
id_EBA,Very important,Beginner
id_EBA,NA,NA
id_EBA,Somewhat important,NA
id_EBA,NA,NA
id_EBA,Somewhat important,NA
id_EBA,Moderately important,Proficient
id_EBA,NA,NA
id_EBA,NA,NA
id_EBA,Somewhat important,NA
id_EBA,Very important,Proficient
id_EBA,Very important,Proficient
id_EBA,Moderately important,Beginner
id_EBA,NA,NA
id_EBA,NA,NA
id_EBA,Moderately important,Proficient
id_EBA,NA,NA
id_EBA,Somewhat important,NA
id_EBA,Not Important,NA
id_EBA,Very important,Proficient
id_EBA,Very important,Proficient
id_EBA,Very important,Proficient
id_EBA,Moderately important,Beginner
id_EBA,NA,NA
id_EBA,Not Important,NA
id_EBA,Very important,Expert
id_EBA,NA,NA
id_EBA,NA,NA
id_EBA,Moderately important,Proficient
id_EBA,Very important,Proficient
id_EBA,Very important,Proficient
id_EBA,Moderately important,Beginner
id_EBA,Very important,Proficient
id_EBA,Very important,Proficient
id_EBA,Very important,Proficient
id_EBA,Moderately important,Proficient
id_EBA,Very important,Proficient
id_EBA,NA,NA
id_EBA,Moderately important,Proficient
id_EBA,Somewhat important,NA
id_EBA,NA,NA
id_EBA,NA,NA
id_EBA,NA,NA
id_EBA,Moderately important,Beginner
id_EBA,Moderately important,Proficient
id_EBA,NA,NA
id_EBA,NA,NA
id_EBA,Very important,Proficient
id_EBA,NA,NA
id_EBA,Not Important,NA
id_EBA,NA,NA
id_EBA,Not Important,NA
id_EBA,NA,NA
id_EBA,Very important,Proficient
id_EBA,Moderately important,Beginner
id_EBA,Somewhat important,NA
id_EBA,Moderately important,Proficient
id_EBA,NA,NA
id_EBA,Moderately important,Proficient
id_EBA,Very important,Proficient
id_EBA,Moderately important,Beginner
id_EBA,Somewhat important,NA
id_EBA,Not Important,NA
id_EBA,NA,NA
id_EBA,Moderately important,Beginner
id_EBA,NA,NA
id_EBA,Moderately important,Beginner
id_EBA,NA,NA
id_EBA,Moderately important,Proficient
id_EBA,NA,NA
id_EBA,Somewhat important,NA
id_EBA,Very important,Expert
id_EBA,Very important,Proficient
id_EBA,Very important,Expert
id_EBA,Moderately important,Proficient
id_EBA,Moderately important,Unable to perform
id_EBA,NA,NA
id_EBA,Moderately important,Proficient
id_EBA,NA,NA
id_EBA,Moderately important,Beginner
id_EBA,Not Important,NA
id_EBA,Somewhat important,NA
id_EBA,Moderately important,Proficient
id_EBA,Very important,Proficient
id_EBA,Very important,Proficient
id_EBA,Very important,Proficient
id_EBA,NA,NA
id_EBA,NA,NA
id_EBA,Not Important,NA
id_EBA,Moderately important,Proficient
id_EBA,Somewhat important,NA
id_EBA,Somewhat important,NA
id_EBA,Very important,Expert
id_EBA,NA,NA
id_EBA,NA,NA
id_EBA,Very important,Proficient
id_EBA,NA,NA
id_EBA,Somewhat important,NA
id_EBA,Moderately important,Proficient
id_EBA,Very important,Expert
id_EBA,Very important,Proficient
id_EBA,Moderately important,Beginner
id_EBA,NA,NA
id_EBA,Somewhat important,NA
id_EBA,NA,NA
id_EBA,Moderately important,Proficient
id_EBA,Moderately important,Proficient
id_EBA,Very important,Expert
id_EBA,Moderately important,Proficient
id_EBA,Very important,Beginner
id_EBA,Very important,Proficient
id_EBA,NA,NA
id_EBA,Very important,Proficient
id_EBA,Very important,Proficient
id_EBA,NA,NA
id_EBA,Very important,Expert
id_EBA,Very important,Proficient
id_EBA,Very important,Beginner
id_EBA,NA,NA
id_EBA,Very important,Proficient
id_EBA,Not Important,NA
id_EBA,Somewhat important,NA
id_EBA,Very important,Beginner
id_EBA,Not Important,NA
id_EBA,Very important,Proficient
id_EBA,Moderately important,Unable to perform
id_EBA,NA,NA
id_EBA,Very important,Proficient
id_EBA,Moderately important,Proficient
id_EBA,NA,NA
id_EBA,Very important,Proficient
id_EBA,Very important,Proficient
id_EBA,Moderately important,Proficient
id_EBA,Very important,Proficient
id_EBA,Very important,Expert
id_EBA,Very important,Proficient
id_EBA,NA,NA
id_EBA,NA,NA
id_EBA,Very important,Proficient
id_EBA,Somewhat important,NA
id_EBA,Very important,Proficient
id_EBA,Moderately important,Beginner
id_EBA,Moderately important,Proficient
id_EBA,Very important,Beginner
id_EBA,Not Important,NA
id_EBA,Somewhat important,NA
id_EBA,Very important,Proficient
id_EBA,NA,NA
id_EBA,Very important,Proficient
id_EBA,Somewhat important,NA
id_EBA,Very important,Proficient
id_EBA,NA,NA
id_EBA,Moderately important,Beginner
id_EBA,Not Important,NA
id_EBA,Not Important,NA
id_EBA,Very important,Proficient
id_EBA,Moderately important,Proficient
id_EBA,NA,NA
id_EBA,Very important,Proficient
id_EBA,NA,NA
id_EBA,Very important,Proficient
id_EBA,Not Important,NA
id_EBA,Moderately important,Proficient
id_EBA,Moderately important,Beginner
id_EBA,Very important,Proficient
id_EBA,Very important,Proficient
id_EBA,Very important,Beginner
id_EBA,Not Important,NA
id_EBA,Moderately important,Beginner
id_EBA,Very important,Beginner
id_EBA,NA,NA
id_EBA,Very important,Beginner
id_EBA,Somewhat important,NA
id_EBA,Very important,Proficient
id_EBA,Moderately important,Proficient
id_EBA,Moderately important,Beginner
id_EBA,Very important,Beginner
id_EBA,Moderately important,Proficient
id_EBA,Very important,Proficient
id_EBA,Somewhat important,NA
id_EBA,Very important,Proficient
id_EBA,Moderately important,Beginner
id_EBA,Very important,Expert
id_EBA,Very important,Proficient
id_EBA,Somewhat important,NA
id_EBA,Very important,Proficient
id_EBA,NA,NA
id_EBA,Very important,Expert
id_EBA,Somewhat important,NA
id_EBA,Very important,Expert
apply_EBA,Very important,Proficient
apply_EBA,NA,NA
apply_EBA,NA,NA
apply_EBA,Very important,Proficient
apply_EBA,NA,NA
apply_EBA,Very important,Proficient
apply_EBA,NA,NA
apply_EBA,NA,NA
apply_EBA,NA,NA
apply_EBA,NA,NA
apply_EBA,NA,NA
apply_EBA,NA,NA
apply_EBA,NA,NA
apply_EBA,Moderately important,Beginner
apply_EBA,NA,NA
apply_EBA,NA,NA
apply_EBA,NA,NA
apply_EBA,Moderately important,Proficient
apply_EBA,NA,NA
apply_EBA,NA,NA
apply_EBA,NA,NA
apply_EBA,NA,NA
apply_EBA,Very important,Proficient
apply_EBA,NA,NA
apply_EBA,Very important,Proficient
apply_EBA,Very important,Beginner
apply_EBA,NA,NA
apply_EBA,NA,NA
apply_EBA,Very important,Expert
apply_EBA,Very important,Proficient
apply_EBA,NA,NA
apply_EBA,NA,NA
apply_EBA,NA,NA
apply_EBA,NA,NA
apply_EBA,NA,NA
apply_EBA,NA,NA
apply_EBA,NA,NA
apply_EBA,Very important,Proficient
apply_EBA,NA,NA
apply_EBA,NA,NA
apply_EBA,NA,NA
apply_EBA,NA,NA
apply_EBA,NA,NA
apply_EBA,NA,NA
apply_EBA,NA,NA
apply_EBA,NA,NA
apply_EBA,Very important,Proficient
apply_EBA,NA,NA
apply_EBA,NA,NA
apply_EBA,NA,NA
apply_EBA,NA,NA
apply_EBA,Very important,Proficient
apply_EBA,NA,NA
apply_EBA,NA,NA
apply_EBA,NA,NA
apply_EBA,NA,NA
apply_EBA,NA,NA
apply_EBA,NA,NA
apply_EBA,NA,NA
apply_EBA,NA,NA
apply_EBA,NA,NA
apply_EBA,NA,NA
apply_EBA,NA,NA
apply_EBA,NA,NA
apply_EBA,NA,NA
apply_EBA,Moderately important,Proficient
apply_EBA,Moderately important,Proficient
apply_EBA,NA,NA
apply_EBA,NA,NA
apply_EBA,NA,NA
apply_EBA,NA,NA
apply_EBA,NA,NA
apply_EBA,Moderately important,Beginner
apply_EBA,Very important,Proficient
apply_EBA,NA,NA
apply_EBA,NA,NA
apply_EBA,Very important,Proficient
apply_EBA,NA,NA
apply_EBA,NA,NA
apply_EBA,NA,NA
apply_EBA,Moderately important,Beginner
apply_EBA,NA,NA
apply_EBA,NA,NA
apply_EBA,Very important,Expert
apply_EBA,Moderately important,Proficient
apply_EBA,NA,NA
apply_EBA,NA,NA
apply_EBA,NA,NA
apply_EBA,NA,NA
apply_EBA,NA,NA
apply_EBA,NA,NA
apply_EBA,NA,NA
apply_EBA,NA,NA
apply_EBA,NA,NA
apply_EBA,NA,NA
apply_EBA,Very important,Proficient
apply_EBA,NA,NA
apply_EBA,NA,NA
apply_EBA,NA,NA
apply_EBA,NA,NA
apply_EBA,NA,NA
apply_EBA,NA,NA
apply_EBA,NA,NA
apply_EBA,NA,NA
apply_EBA,Very important,Proficient
apply_EBA,NA,NA
apply_EBA,NA,NA
apply_EBA,Very important,Proficient
apply_EBA,Very important,Proficient
apply_EBA,Very important,Proficient
apply_EBA,NA,NA
apply_EBA,NA,NA
apply_EBA,Very important,Expert
apply_EBA,NA,NA
apply_EBA,Very important,Proficient
apply_EBA,NA,NA
apply_EBA,NA,NA
apply_EBA,NA,NA
apply_EBA,NA,NA
apply_EBA,NA,NA
apply_EBA,NA,NA
apply_EBA,Very important,Proficient
apply_EBA,NA,NA
apply_EBA,NA,NA
apply_EBA,NA,NA
apply_EBA,Very important,Proficient
apply_EBA,NA,NA
apply_EBA,NA,NA
apply_EBA,NA,NA
apply_EBA,NA,NA
apply_EBA,NA,NA
apply_EBA,NA,NA
apply_EBA,Very important,Proficient
apply_EBA,NA,NA
apply_EBA,NA,NA
apply_EBA,Moderately important,Proficient
apply_EBA,Moderately important,Beginner
apply_EBA,NA,NA
apply_EBA,NA,NA
apply_EBA,Very important,Proficient
apply_EBA,NA,NA
apply_EBA,NA,NA
apply_EBA,Very important,Proficient
apply_EBA,NA,NA
apply_EBA,Very important,Proficient
apply_EBA,NA,NA
apply_EBA,NA,NA
apply_EBA,Very important,Proficient
apply_EBA,NA,NA
apply_EBA,NA,NA
apply_EBA,NA,NA
apply_EBA,NA,NA
apply_EBA,NA,NA
apply_EBA,Very important,Beginner
apply_EBA,Moderately important,Proficient
apply_EBA,Very important,Proficient
apply_EBA,NA,NA
apply_EBA,NA,NA
apply_EBA,NA,NA
apply_EBA,NA,NA
apply_EBA,NA,NA
apply_EBA,Very important,Proficient
apply_EBA,NA,NA
apply_EBA,NA,NA
apply_EBA,NA,NA
apply_EBA,Very important,Proficient
apply_EBA,NA,NA
apply_EBA,Very important,Beginner
apply_EBA,NA,NA
apply_EBA,Somewhat important,NA
apply_EBA,NA,NA
apply_EBA,Moderately important,Beginner
apply_EBA,NA,NA
apply_EBA,NA,NA
apply_EBA,NA,NA
apply_EBA,NA,NA
apply_EBA,NA,NA
apply_EBA,NA,NA
apply_EBA,NA,NA
apply_EBA,NA,NA
apply_EBA,NA,NA
apply_EBA,NA,NA
apply_EBA,NA,NA
apply_EBA,NA,NA
apply_EBA,NA,NA
apply_EBA,NA,NA
apply_EBA,Very important,Proficient
apply_EBA,NA,NA
apply_EBA,NA,NA
apply_EBA,NA,NA
apply_EBA,NA,NA
apply_EBA,NA,NA
apply_EBA,NA,NA
apply_EBA,NA,NA
apply_EBA,NA,NA
apply_EBA,NA,NA
apply_EBA,Very important,Expert
apply_EBA,NA,NA
apply_EBA,NA,NA
apply_EBA,NA,NA
apply_EBA,NA,NA
apply_EBA,NA,NA
apply_EBA,NA,NA
apply_EBA,NA,NA
apply_EBA,NA,NA
apply_EBA,NA,NA
apply_EBA,NA,NA
apply_EBA,Very important,Proficient
apply_EBA,NA,NA
apply_EBA,NA,NA
apply_EBA,NA,NA
apply_EBA,NA,NA
apply_EBA,NA,NA
apply_EBA,NA,NA
apply_EBA,NA,NA
apply_EBA,NA,NA
apply_EBA,NA,NA
apply_EBA,NA,NA
apply_EBA,Somewhat important,NA
apply_EBA,Very important,Proficient
apply_EBA,NA,NA
apply_EBA,NA,NA
apply_EBA,NA,NA
apply_EBA,Very important,Proficient
apply_EBA,NA,NA
apply_EBA,NA,NA
apply_EBA,NA,NA
apply_EBA,NA,NA
apply_EBA,NA,NA
apply_EBA,NA,NA
apply_EBA,NA,NA
apply_EBA,NA,NA
apply_EBA,NA,NA
apply_EBA,NA,NA
apply_EBA,NA,NA
apply_EBA,NA,NA
apply_EBA,NA,NA
apply_EBA,Somewhat important,NA
apply_EBA,NA,NA
apply_EBA,Very important,Proficient
apply_EBA,NA,NA
apply_EBA,NA,NA
apply_EBA,Very important,Proficient
apply_EBA,NA,NA
apply_EBA,NA,NA
apply_EBA,Moderately important,Expert
apply_EBA,Moderately important,Proficient
apply_EBA,Moderately important,Proficient
apply_EBA,Very important,Expert
apply_EBA,NA,NA
apply_EBA,NA,NA
apply_EBA,NA,NA
apply_EBA,Very important,Beginner
apply_EBA,NA,NA
apply_EBA,Somewhat important,NA
apply_EBA,NA,NA
apply_EBA,NA,NA
apply_EBA,Very important,Expert
apply_EBA,NA,NA
apply_EBA,NA,NA
apply_EBA,Moderately important,Beginner
apply_EBA,NA,NA
apply_EBA,NA,NA
apply_EBA,NA,NA
apply_EBA,NA,NA
apply_EBA,Very important,Expert
apply_EBA,NA,NA
apply_EBA,NA,NA
apply_EBA,NA,NA
apply_EBA,NA,NA
apply_EBA,NA,NA
apply_EBA,Moderately important,Beginner
apply_EBA,Very important,Proficient
apply_EBA,NA,NA
apply_EBA,Very important,Proficient
apply_EBA,NA,NA
apply_EBA,NA,NA
apply_EBA,NA,NA
apply_EBA,NA,NA
apply_EBA,NA,NA
apply_EBA,NA,NA
apply_EBA,NA,NA
apply_EBA,NA,NA
apply_EBA,NA,NA
apply_EBA,Moderately important,Beginner
apply_EBA,NA,NA
apply_EBA,NA,NA
apply_EBA,NA,NA
apply_EBA,NA,NA
apply_EBA,NA,NA
apply_EBA,NA,NA
apply_EBA,NA,NA
apply_EBA,NA,NA
apply_EBA,NA,NA
apply_EBA,NA,NA
apply_EBA,NA,NA
apply_EBA,NA,NA
apply_EBA,NA,NA
apply_EBA,Very important,Proficient
apply_EBA,Very important,Proficient
apply_EBA,Very important,Proficient
apply_EBA,NA,NA
apply_EBA,NA,NA
apply_EBA,Very important,Proficient
apply_EBA,Very important,Proficient
apply_EBA,NA,NA
apply_EBA,NA,NA
apply_EBA,NA,NA
apply_EBA,Moderately important,Beginner
apply_EBA,NA,NA
apply_EBA,Very important,Proficient
apply_EBA,NA,NA
apply_EBA,NA,NA
apply_EBA,NA,NA
apply_EBA,NA,NA
apply_EBA,Very important,Expert
apply_EBA,NA,NA
apply_EBA,NA,NA
apply_EBA,NA,NA
apply_EBA,NA,NA
apply_EBA,NA,NA
apply_EBA,Very important,Beginner
apply_EBA,NA,NA
apply_EBA,Very important,Proficient
apply_EBA,NA,NA
apply_EBA,Very important,Proficient
apply_EBA,NA,NA
apply_EBA,Very important,Expert
apply_EBA,NA,NA
apply_EBA,NA,NA
apply_EBA,NA,NA
apply_EBA,NA,NA
apply_EBA,NA,NA
apply_EBA,NA,NA
apply_EBA,Very important,Proficient
apply_EBA,NA,NA
apply_EBA,Very important,Proficient
apply_EBA,NA,NA
apply_EBA,NA,NA
apply_EBA,NA,NA
apply_EBA,NA,NA
apply_EBA,NA,NA
apply_EBA,NA,NA
apply_EBA,NA,NA
apply_EBA,NA,NA
apply_EBA,Very important,Beginner
apply_EBA,NA,NA
apply_EBA,NA,NA
apply_EBA,NA,NA
apply_EBA,NA,NA
apply_EBA,NA,NA
apply_EBA,Moderately important,Proficient
apply_EBA,Very important,Proficient
apply_EBA,NA,NA
apply_EBA,Somewhat important,NA
apply_EBA,NA,NA
apply_EBA,NA,NA
apply_EBA,NA,NA
apply_EBA,NA,NA
apply_EBA,NA,NA
apply_EBA,NA,NA
apply_EBA,NA,NA
apply_EBA,Very important,Expert
apply_EBA,NA,NA
apply_EBA,NA,NA
apply_EBA,NA,NA
apply_EBA,NA,NA
apply_EBA,NA,NA
apply_EBA,NA,NA
apply_EBA,Very important,Proficient
apply_EBA,NA,NA
apply_EBA,NA,NA
apply_EBA,Moderately important,Beginner
apply_EBA,NA,NA
apply_EBA,NA,NA
apply_EBA,NA,NA
apply_EBA,Very important,Beginner
apply_EBA,NA,NA
apply_EBA,NA,NA
apply_EBA,NA,NA
apply_EBA,NA,NA
apply_EBA,NA,NA
apply_EBA,NA,NA
apply_EBA,NA,NA
apply_EBA,Somewhat important,NA
apply_EBA,NA,NA
apply_EBA,NA,NA
apply_EBA,Very important,Proficient
apply_EBA,NA,NA
apply_EBA,NA,NA
apply_EBA,NA,NA
apply_EBA,NA,NA
apply_EBA,NA,NA
apply_EBA,NA,NA
apply_EBA,Very important,Expert
apply_EBA,NA,NA
apply_EBA,NA,NA
apply_EBA,NA,NA
apply_EBA,NA,NA
apply_EBA,NA,NA
apply_EBA,NA,NA
apply_EBA,NA,NA
apply_EBA,NA,NA
apply_EBA,NA,NA
apply_EBA,NA,NA
apply_EBA,Moderately important,Proficient
apply_EBA,NA,NA
apply_EBA,NA,NA
apply_EBA,NA,NA
apply_EBA,Very important,Proficient
apply_EBA,NA,NA
apply_EBA,NA,NA
apply_EBA,NA,NA
apply_EBA,NA,NA
apply_EBA,NA,NA
apply_EBA,Very important,Proficient
apply_EBA,NA,NA
apply_EBA,Moderately important,Proficient
apply_EBA,NA,NA
apply_EBA,NA,NA
apply_EBA,NA,NA
apply_EBA,NA,NA
apply_EBA,NA,NA
apply_EBA,NA,NA
apply_EBA,NA,NA
apply_EBA,NA,NA
apply_EBA,NA,NA
apply_EBA,NA,NA
apply_EBA,Very important,Proficient
apply_EBA,NA,NA
apply_EBA,NA,NA
apply_EBA,NA,NA
apply_EBA,NA,NA
apply_EBA,NA,NA
apply_EBA,NA,NA
apply_EBA,NA,NA
apply_EBA,NA,NA
apply_EBA,NA,NA
apply_EBA,NA,NA
apply_EBA,NA,NA
apply_EBA,NA,NA
apply_EBA,NA,NA
apply_EBA,NA,NA
apply_EBA,NA,NA
apply_EBA,Not Important,NA
apply_EBA,NA,NA
apply_EBA,NA,NA
apply_EBA,NA,NA
ensure_app_EBA,NA,NA
ensure_app_EBA,NA,NA
ensure_app_EBA,NA,NA
ensure_app_EBA,NA,NA
ensure_app_EBA,NA,NA
ensure_app_EBA,NA,NA
ensure_app_EBA,NA,NA
ensure_app_EBA,NA,NA
ensure_app_EBA,NA,NA
ensure_app_EBA,NA,NA
ensure_app_EBA,NA,NA
ensure_app_EBA,NA,NA
ensure_app_EBA,NA,NA
ensure_app_EBA,NA,NA
ensure_app_EBA,NA,NA
ensure_app_EBA,NA,NA
ensure_app_EBA,NA,NA
ensure_app_EBA,NA,NA
ensure_app_EBA,NA,NA
ensure_app_EBA,NA,NA
ensure_app_EBA,NA,NA
ensure_app_EBA,NA,NA
ensure_app_EBA,NA,NA
ensure_app_EBA,NA,NA
ensure_app_EBA,NA,NA
ensure_app_EBA,NA,NA
ensure_app_EBA,Very important,Expert
ensure_app_EBA,NA,NA
ensure_app_EBA,NA,NA
ensure_app_EBA,NA,NA
ensure_app_EBA,NA,NA
ensure_app_EBA,NA,NA
ensure_app_EBA,NA,NA
ensure_app_EBA,Very important,Proficient
ensure_app_EBA,NA,NA
ensure_app_EBA,NA,NA
ensure_app_EBA,NA,NA
ensure_app_EBA,NA,NA
ensure_app_EBA,NA,NA
ensure_app_EBA,NA,NA
ensure_app_EBA,NA,NA
ensure_app_EBA,Very important,Proficient
ensure_app_EBA,NA,NA
ensure_app_EBA,NA,NA
ensure_app_EBA,NA,NA
ensure_app_EBA,NA,NA
ensure_app_EBA,NA,NA
ensure_app_EBA,Very important,Expert
ensure_app_EBA,NA,NA
ensure_app_EBA,NA,NA
ensure_app_EBA,NA,NA
ensure_app_EBA,NA,NA
ensure_app_EBA,NA,NA
ensure_app_EBA,Moderately important,Beginner
ensure_app_EBA,NA,NA
ensure_app_EBA,NA,NA
ensure_app_EBA,NA,NA
ensure_app_EBA,NA,NA
ensure_app_EBA,NA,NA
ensure_app_EBA,NA,NA
ensure_app_EBA,NA,NA
ensure_app_EBA,NA,NA
ensure_app_EBA,NA,NA
ensure_app_EBA,NA,NA
ensure_app_EBA,NA,NA
ensure_app_EBA,NA,NA
ensure_app_EBA,NA,NA
ensure_app_EBA,NA,NA
ensure_app_EBA,NA,NA
ensure_app_EBA,NA,NA
ensure_app_EBA,NA,NA
ensure_app_EBA,NA,NA
ensure_app_EBA,NA,NA
ensure_app_EBA,NA,NA
ensure_app_EBA,NA,NA
ensure_app_EBA,NA,NA
ensure_app_EBA,NA,NA
ensure_app_EBA,NA,NA
ensure_app_EBA,NA,NA
ensure_app_EBA,NA,NA
ensure_app_EBA,NA,NA
ensure_app_EBA,NA,NA
ensure_app_EBA,NA,NA
ensure_app_EBA,NA,NA
ensure_app_EBA,NA,NA
ensure_app_EBA,NA,NA
ensure_app_EBA,Moderately important,Proficient
ensure_app_EBA,NA,NA
ensure_app_EBA,NA,NA
ensure_app_EBA,NA,NA
ensure_app_EBA,NA,NA
ensure_app_EBA,NA,NA
ensure_app_EBA,NA,NA
ensure_app_EBA,NA,NA
ensure_app_EBA,NA,NA
ensure_app_EBA,NA,NA
ensure_app_EBA,NA,NA
ensure_app_EBA,NA,NA
ensure_app_EBA,NA,NA
ensure_app_EBA,NA,NA
ensure_app_EBA,NA,NA
ensure_app_EBA,NA,NA
ensure_app_EBA,NA,NA
ensure_app_EBA,NA,NA
ensure_app_EBA,NA,NA
ensure_app_EBA,NA,NA
ensure_app_EBA,NA,NA
ensure_app_EBA,NA,NA
ensure_app_EBA,NA,NA
ensure_app_EBA,NA,NA
ensure_app_EBA,NA,NA
ensure_app_EBA,NA,NA
ensure_app_EBA,NA,NA
ensure_app_EBA,NA,NA
ensure_app_EBA,NA,NA
ensure_app_EBA,NA,NA
ensure_app_EBA,NA,NA
ensure_app_EBA,NA,NA
ensure_app_EBA,NA,NA
ensure_app_EBA,NA,NA
ensure_app_EBA,NA,NA
ensure_app_EBA,NA,NA
ensure_app_EBA,NA,NA
ensure_app_EBA,NA,NA
ensure_app_EBA,Very important,Proficient
ensure_app_EBA,NA,NA
ensure_app_EBA,NA,NA
ensure_app_EBA,NA,NA
ensure_app_EBA,NA,NA
ensure_app_EBA,NA,NA
ensure_app_EBA,NA,NA
ensure_app_EBA,Very important,Proficient
ensure_app_EBA,NA,NA
ensure_app_EBA,NA,NA
ensure_app_EBA,NA,NA
ensure_app_EBA,NA,NA
ensure_app_EBA,NA,NA
ensure_app_EBA,NA,NA
ensure_app_EBA,NA,NA
ensure_app_EBA,NA,NA
ensure_app_EBA,NA,NA
ensure_app_EBA,NA,NA
ensure_app_EBA,NA,NA
ensure_app_EBA,NA,NA
ensure_app_EBA,NA,NA
ensure_app_EBA,NA,NA
ensure_app_EBA,NA,NA
ensure_app_EBA,NA,NA
ensure_app_EBA,NA,NA
ensure_app_EBA,NA,NA
ensure_app_EBA,NA,NA
ensure_app_EBA,NA,NA
ensure_app_EBA,NA,NA
ensure_app_EBA,NA,NA
ensure_app_EBA,NA,NA
ensure_app_EBA,NA,NA
ensure_app_EBA,NA,NA
ensure_app_EBA,Very important,Proficient
ensure_app_EBA,NA,NA
ensure_app_EBA,NA,NA
ensure_app_EBA,NA,NA
ensure_app_EBA,NA,NA
ensure_app_EBA,Somewhat important,NA
ensure_app_EBA,NA,NA
ensure_app_EBA,NA,NA
ensure_app_EBA,NA,NA
ensure_app_EBA,NA,NA
ensure_app_EBA,NA,NA
ensure_app_EBA,NA,NA
ensure_app_EBA,NA,NA
ensure_app_EBA,NA,NA
ensure_app_EBA,NA,NA
ensure_app_EBA,NA,NA
ensure_app_EBA,NA,NA
ensure_app_EBA,NA,NA
ensure_app_EBA,Very important,Proficient
ensure_app_EBA,NA,NA
ensure_app_EBA,NA,NA
ensure_app_EBA,NA,NA
ensure_app_EBA,NA,NA
ensure_app_EBA,NA,NA
ensure_app_EBA,NA,NA
ensure_app_EBA,NA,NA
ensure_app_EBA,NA,NA
ensure_app_EBA,NA,NA
ensure_app_EBA,NA,NA
ensure_app_EBA,NA,NA
ensure_app_EBA,NA,NA
ensure_app_EBA,NA,NA
ensure_app_EBA,NA,NA
ensure_app_EBA,NA,NA
ensure_app_EBA,NA,NA
ensure_app_EBA,NA,NA
ensure_app_EBA,NA,NA
ensure_app_EBA,NA,NA
ensure_app_EBA,NA,NA
ensure_app_EBA,NA,NA
ensure_app_EBA,NA,NA
ensure_app_EBA,NA,NA
ensure_app_EBA,NA,NA
ensure_app_EBA,NA,NA
ensure_app_EBA,NA,NA
ensure_app_EBA,NA,NA
ensure_app_EBA,NA,NA
ensure_app_EBA,NA,NA
ensure_app_EBA,NA,NA
ensure_app_EBA,NA,NA
ensure_app_EBA,NA,NA
ensure_app_EBA,NA,NA
ensure_app_EBA,NA,NA
ensure_app_EBA,NA,NA
ensure_app_EBA,NA,NA
ensure_app_EBA,Very important,Proficient
ensure_app_EBA,NA,NA
ensure_app_EBA,NA,NA
ensure_app_EBA,NA,NA
ensure_app_EBA,NA,NA
ensure_app_EBA,NA,NA
ensure_app_EBA,NA,NA
ensure_app_EBA,NA,NA
ensure_app_EBA,NA,NA
ensure_app_EBA,Very important,Proficient
ensure_app_EBA,NA,NA
ensure_app_EBA,NA,NA
ensure_app_EBA,NA,NA
ensure_app_EBA,NA,NA
ensure_app_EBA,NA,NA
ensure_app_EBA,NA,NA
ensure_app_EBA,NA,NA
ensure_app_EBA,NA,NA
ensure_app_EBA,NA,NA
ensure_app_EBA,NA,NA
ensure_app_EBA,NA,NA
ensure_app_EBA,NA,NA
ensure_app_EBA,NA,NA
ensure_app_EBA,Moderately important,Proficient
ensure_app_EBA,NA,NA
ensure_app_EBA,NA,NA
ensure_app_EBA,NA,NA
ensure_app_EBA,NA,NA
ensure_app_EBA,NA,NA
ensure_app_EBA,NA,NA
ensure_app_EBA,NA,NA
ensure_app_EBA,NA,NA
ensure_app_EBA,NA,NA
ensure_app_EBA,NA,NA
ensure_app_EBA,NA,NA
ensure_app_EBA,NA,NA
ensure_app_EBA,NA,NA
ensure_app_EBA,NA,NA
ensure_app_EBA,NA,NA
ensure_app_EBA,NA,NA
ensure_app_EBA,NA,NA
ensure_app_EBA,NA,NA
ensure_app_EBA,NA,NA
ensure_app_EBA,NA,NA
ensure_app_EBA,NA,NA
ensure_app_EBA,NA,NA
ensure_app_EBA,NA,NA
ensure_app_EBA,NA,NA
ensure_app_EBA,NA,NA
ensure_app_EBA,NA,NA
ensure_app_EBA,Moderately important,Proficient
ensure_app_EBA,NA,NA
ensure_app_EBA,NA,NA
ensure_app_EBA,NA,NA
ensure_app_EBA,Moderately important,Beginner
ensure_app_EBA,NA,NA
ensure_app_EBA,NA,NA
ensure_app_EBA,NA,NA
ensure_app_EBA,NA,NA
ensure_app_EBA,NA,NA
ensure_app_EBA,NA,NA
ensure_app_EBA,NA,NA
ensure_app_EBA,NA,NA
ensure_app_EBA,NA,NA
ensure_app_EBA,NA,NA
ensure_app_EBA,NA,NA
ensure_app_EBA,NA,NA
ensure_app_EBA,NA,NA
ensure_app_EBA,NA,NA
ensure_app_EBA,Very important,Proficient
ensure_app_EBA,NA,NA
ensure_app_EBA,NA,NA
ensure_app_EBA,NA,NA
ensure_app_EBA,Somewhat important,NA
ensure_app_EBA,NA,NA
ensure_app_EBA,NA,NA
ensure_app_EBA,NA,NA
ensure_app_EBA,NA,NA
ensure_app_EBA,NA,NA
ensure_app_EBA,NA,NA
ensure_app_EBA,NA,NA
ensure_app_EBA,NA,NA
ensure_app_EBA,NA,NA
ensure_app_EBA,Very important,Expert
ensure_app_EBA,NA,NA
ensure_app_EBA,NA,NA
ensure_app_EBA,NA,NA
ensure_app_EBA,NA,NA
ensure_app_EBA,NA,NA
ensure_app_EBA,NA,NA
ensure_app_EBA,NA,NA
ensure_app_EBA,NA,NA
ensure_app_EBA,NA,NA
ensure_app_EBA,NA,NA
ensure_app_EBA,Very important,Proficient
ensure_app_EBA,NA,NA
ensure_app_EBA,NA,NA
ensure_app_EBA,NA,NA
ensure_app_EBA,NA,NA
ensure_app_EBA,NA,NA
ensure_app_EBA,NA,NA
ensure_app_EBA,NA,NA
ensure_app_EBA,NA,NA
ensure_app_EBA,NA,NA
ensure_app_EBA,NA,NA
ensure_app_EBA,NA,NA
ensure_app_EBA,NA,NA
ensure_app_EBA,NA,NA
ensure_app_EBA,NA,NA
ensure_app_EBA,NA,NA
ensure_app_EBA,NA,NA
ensure_app_EBA,NA,NA
ensure_app_EBA,NA,NA
ensure_app_EBA,NA,NA
ensure_app_EBA,NA,NA
ensure_app_EBA,NA,NA
ensure_app_EBA,NA,NA
ensure_app_EBA,NA,NA
ensure_app_EBA,NA,NA
ensure_app_EBA,NA,NA
ensure_app_EBA,NA,NA
ensure_app_EBA,NA,NA
ensure_app_EBA,NA,NA
ensure_app_EBA,NA,NA
ensure_app_EBA,NA,NA
ensure_app_EBA,NA,NA
ensure_app_EBA,NA,NA
ensure_app_EBA,NA,NA
ensure_app_EBA,NA,NA
ensure_app_EBA,NA,NA
ensure_app_EBA,NA,NA
ensure_app_EBA,NA,NA
ensure_app_EBA,Very important,Proficient
ensure_app_EBA,NA,NA
ensure_app_EBA,NA,NA
ensure_app_EBA,NA,NA
ensure_app_EBA,NA,NA
ensure_app_EBA,NA,NA
ensure_app_EBA,NA,NA
ensure_app_EBA,NA,NA
ensure_app_EBA,NA,NA
ensure_app_EBA,NA,NA
ensure_app_EBA,NA,NA
ensure_app_EBA,NA,NA
ensure_app_EBA,NA,NA
ensure_app_EBA,NA,NA
ensure_app_EBA,NA,NA
ensure_app_EBA,NA,NA
ensure_app_EBA,Very important,Proficient
ensure_app_EBA,NA,NA
ensure_app_EBA,NA,NA
ensure_app_EBA,NA,NA
ensure_app_EBA,NA,NA
ensure_app_EBA,NA,NA
ensure_app_EBA,NA,NA
ensure_app_EBA,NA,NA
ensure_app_EBA,NA,NA
ensure_app_EBA,NA,NA
ensure_app_EBA,NA,NA
ensure_app_EBA,NA,NA
ensure_app_EBA,NA,NA
ensure_app_EBA,NA,NA
ensure_app_EBA,NA,NA
ensure_app_EBA,NA,NA
ensure_app_EBA,NA,NA
ensure_app_EBA,NA,NA
ensure_app_EBA,NA,NA
ensure_app_EBA,NA,NA
ensure_app_EBA,NA,NA
ensure_app_EBA,NA,NA
ensure_app_EBA,NA,NA
ensure_app_EBA,NA,NA
ensure_app_EBA,NA,NA
ensure_app_EBA,NA,NA
ensure_app_EBA,NA,NA
ensure_app_EBA,NA,NA
ensure_app_EBA,NA,NA
ensure_app_EBA,NA,NA
ensure_app_EBA,NA,NA
ensure_app_EBA,NA,NA
ensure_app_EBA,NA,NA
ensure_app_EBA,NA,NA
ensure_app_EBA,NA,NA
ensure_app_EBA,Very important,Expert
ensure_app_EBA,NA,NA
ensure_app_EBA,NA,NA
ensure_app_EBA,NA,NA
ensure_app_EBA,NA,NA
ensure_app_EBA,NA,NA
ensure_app_EBA,NA,NA
ensure_app_EBA,NA,NA
ensure_app_EBA,NA,NA
ensure_app_EBA,NA,NA
ensure_app_EBA,NA,NA
ensure_app_EBA,NA,NA
ensure_app_EBA,NA,NA
ensure_app_EBA,NA,NA
ensure_app_EBA,NA,NA
ensure_app_EBA,NA,NA
ensure_app_EBA,NA,NA
ensure_app_EBA,NA,NA
ensure_app_EBA,NA,NA
ensure_app_EBA,NA,NA
ensure_app_EBA,NA,NA
ensure_app_EBA,NA,NA
ensure_app_EBA,NA,NA
ensure_app_EBA,NA,NA
ensure_app_EBA,NA,NA
ensure_app_EBA,NA,NA
ensure_app_EBA,NA,NA
ensure_app_EBA,NA,NA
ensure_app_EBA,NA,NA
ensure_app_EBA,NA,NA
ensure_app_EBA,NA,NA
ensure_app_EBA,NA,NA
ensure_app_EBA,NA,NA
ensure_app_EBA,NA,NA
ensure_app_EBA,NA,NA
ensure_app_EBA,NA,NA
ensure_app_EBA,NA,NA
ensure_app_EBA,NA,NA
ensure_app_EBA,NA,NA
ensure_app_EBA,NA,NA
ensure_app_EBA,NA,NA
ensure_app_EBA,NA,NA
ensure_app_EBA,NA,NA
ensure_app_EBA,NA,NA
ensure_app_EBA,NA,NA
ensure_app_EBA,NA,NA
ensure_app_EBA,NA,NA
ensure_app_EBA,NA,NA
ensure_app_EBA,NA,NA
ensure_app_EBA,NA,NA
ensure_app_EBA,NA,NA
ensure_app_EBA,NA,NA
ensure_app_EBA,NA,NA
